Id,IndicatorCode,SpatialDimension,SpatialDimensionValueCode,TimeDimension,TimeDim,DisaggregatingDimension1,DisaggregatingDimension1ValueCode,DisaggregatingDimension2,DisaggregatingDimension2ValueCode,DisaggregatingDimension3,DisaggregatingDimension3ValueCode,DataSourceDimension,DataSourceDimensionValueCode,Value,NumericValue,Low,High,Comments,Date,TimeDimensionValue,TimeDimensionBegin,TimeDimensionEnd
22240670,RS_246,COUNTRY,ALB,YEAR,2016,ROADUSERTYPE,RS-DDC-2OR3WHEELS,,,,,,,11.9,11.9,,,,2020-04-23T15:31:21Z,2016,2016-01-01,2016-12-31
22240671,RS_246,COUNTRY,AND,YEAR,2013,ROADUSERTYPE,RS-DDC-2OR3WHEELS,,,,,,,50.0,50,,,,2020-04-23T15:31:21Z,2013,2013-01-01,2013-12-31
22240672,RS_246,COUNTRY,ATG,YEAR,2016,ROADUSERTYPE,RS-DDC-2OR3WHEELS,,,,,,,0.0,0,,,,2020-04-23T15:31:21Z,2016,2016-01-01,2016-12-31
22240673,RS_246,COUNTRY,ARG,YEAR,2016,ROADUSERTYPE,RS-DDC-2OR3WHEELS,,,,,,,22.2,22.2,,,,2020-04-23T15:31:21Z,2016,2016-01-01,2016-12-31
22240674,RS_246,COUNTRY,ARM,YEAR,2016,ROADUSERTYPE,RS-DDC-2OR3WHEELS,,,,,,,1.5,1.5,,,,2020-04-23T15:31:21Z,2016,2016-01-01,2016-12-31
22240675,RS_246,COUNTRY,AUS,YEAR,2016,ROADUSERTYPE,RS-DDC-2OR3WHEELS,,,,,,,19.3,19.3,,,,2020-04-23T15:31:21Z,2016,2016-01-01,2016-12-31
22240676,RS_246,COUNTRY,AUT,YEAR,2016,ROADUSERTYPE,RS-DDC-2OR3WHEELS,,,,,,,22.0,22,,,,2020-04-23T15:31:21Z,2016,2016-01-01,2016-12-31
22240677,RS_246,COUNTRY,AZE,YEAR,2016,ROADUSERTYPE,RS-DDC-2OR3WHEELS,,,,,,,0.9,0.9,,,,2020-04-23T15:31:21Z,2016,2016-01-01,2016-12-31
22240678,RS_246,COUNTRY,BHS,YEAR,2013,ROADUSERTYPE,RS-DDC-2OR3WHEELS,,,,,,,17.3,17.3,,,,2020-04-23T15:31:21Z,2013,2013-01-01,2013-12-31
22240679,RS_246,COUNTRY,BHR,YEAR,2013,ROADUSERTYPE,RS-DDC-2OR3WHEELS,,,,,,,9.1,9.1,,,,2020-04-23T15:31:21Z,2013,2013-01-01,2013-12-31
22240680,RS_246,COUNTRY,BRB,YEAR,2016,ROADUSERTYPE,RS-DDC-2OR3WHEELS,,,,,,,33.3,33.3,,,,2020-04-23T15:31:21Z,2016,2016-01-01,2016-12-31
22240681,RS_246,COUNTRY,BEL,YEAR,2016,ROADUSERTYPE,RS-DDC-2OR3WHEELS,,,,,,,14.4,14.4,,,,2020-04-23T15:31:21Z,2016,2016-01-01,2016-12-31
22240682,RS_246,COUNTRY,BLZ,YEAR,2016,ROADUSERTYPE,RS-DDC-2OR3WHEELS,,,,,,,19.8,19.8,,,,2020-04-23T15:31:21Z,2016,2016-01-01,2016-12-31
22240683,RS_246,COUNTRY,BEN,YEAR,2016,ROADUSERTYPE,RS-DDC-2OR3WHEELS,,,,,,,56.5,56.5,,,,2020-04-23T15:31:21Z,2016,2016-01-01,2016-12-31
22240684,RS_246,COUNTRY,BOL,YEAR,2016,ROADUSERTYPE,RS-DDC-2OR3WHEELS,,,,,,,19.7,19.7,,,,2020-04-23T15:31:21Z,2016,2016-01-01,2016-12-31
22240685,RS_246,COUNTRY,BWA,YEAR,2016,ROADUSERTYPE,RS-DDC-2OR3WHEELS,,,,,,,0.0,0,,,,2020-04-23T15:31:21Z,2016,2016-01-01,2016-12-31
22240686,RS_246,COUNTRY,BRA,YEAR,2016,ROADUSERTYPE,RS-DDC-2OR3WHEELS,,,,,,,31.4,31.4,,,,2020-04-23T15:31:21Z,2016,2016-01-01,2016-12-31
22240687,RS_246,COUNTRY,BGR,YEAR,2016,ROADUSERTYPE,RS-DDC-2OR3WHEELS,,,,,,,7.8,7.8,,,,2020-04-23T15:31:21Z,2016,2016-01-01,2016-12-31
22240688,RS_246,COUNTRY,KHM,YEAR,2016,ROADUSERTYPE,RS-DDC-2OR3WHEELS,,,,,,,73.5,73.5,,,,2020-04-23T15:31:21Z,2016,2016-01-01,2016-12-31
22240689,RS_246,COUNTRY,CAN,YEAR,2016,ROADUSERTYPE,RS-DDC-2OR3WHEELS,,,,,,,10.8,10.8,,,,2020-04-23T15:31:21Z,2016,2016-01-01,2016-12-31
22240690,RS_246,COUNTRY,CHL,YEAR,2016,ROADUSERTYPE,RS-DDC-2OR3WHEELS,,,,,,,8.7,8.7,,,,2020-04-23T15:31:21Z,2016,2016-01-01,2016-12-31
22240691,RS_246,COUNTRY,COL,YEAR,2016,ROADUSERTYPE,RS-DDC-2OR3WHEELS,,,,,,,52.5,52.5,,,,2020-04-23T15:31:21Z,2016,2016-01-01,2016-12-31
22240692,RS_246,COUNTRY,COM,YEAR,2016,ROADUSERTYPE,RS-DDC-2OR3WHEELS,,,,,,,17.4,17.4,,,,2020-04-23T15:31:21Z,2016,2016-01-01,2016-12-31
22240693,RS_246,COUNTRY,COK,YEAR,2016,ROADUSERTYPE,RS-DDC-2OR3WHEELS,,,,,,,80.0,80,,,,2020-04-23T15:31:21Z,2016,2016-01-01,2016-12-31
22240694,RS_246,COUNTRY,CRI,YEAR,2016,ROADUSERTYPE,RS-DDC-2OR3WHEELS,,,,,,,40.0,40,,,,2020-04-23T15:31:21Z,2016,2016-01-01,2016-12-31
22240695,RS_246,COUNTRY,CIV,YEAR,2016,ROADUSERTYPE,RS-DDC-2OR3WHEELS,,,,,,,35.0,35,,,,2020-04-23T15:31:21Z,2016,2016-01-01,2016-12-31
22240696,RS_246,COUNTRY,HRV,YEAR,2016,ROADUSERTYPE,RS-DDC-2OR3WHEELS,,,,,,,16.0,16,,,,2020-04-23T15:31:21Z,2016,2016-01-01,2016-12-31
22240697,RS_246,COUNTRY,CUB,YEAR,2016,ROADUSERTYPE,RS-DDC-2OR3WHEELS,,,,,,,15.6,15.6,,,,2020-04-23T15:31:21Z,2016,2016-01-01,2016-12-31
22240698,RS_246,COUNTRY,CYP,YEAR,2016,ROADUSERTYPE,RS-DDC-2OR3WHEELS,,,,,,,21.7,21.7,,,,2020-04-23T15:31:21Z,2016,2016-01-01,2016-12-31
22240699,RS_246,COUNTRY,CZE,YEAR,2016,ROADUSERTYPE,RS-DDC-2OR3WHEELS,,,,,,,10.3,10.3,,,,2020-04-23T15:31:21Z,2016,2016-01-01,2016-12-31
22240700,RS_246,COUNTRY,COD,YEAR,2016,ROADUSERTYPE,RS-DDC-2OR3WHEELS,,,,,,,11.7,11.7,,,,2020-04-23T15:31:21Z,2016,2016-01-01,2016-12-31
22240701,RS_246,COUNTRY,DNK,YEAR,2016,ROADUSERTYPE,RS-DDC-2OR3WHEELS,,,,,,,16.1,16.1,,,,2020-04-23T15:31:21Z,2016,2016-01-01,2016-12-31
22240702,RS_246,COUNTRY,DMA,YEAR,2016,ROADUSERTYPE,RS-DDC-2OR3WHEELS,,,,,,,0.0,0,,,,2020-04-23T15:31:22Z,2016,2016-01-01,2016-12-31
22240703,RS_246,COUNTRY,DOM,YEAR,2016,ROADUSERTYPE,RS-DDC-2OR3WHEELS,,,,,,,67.0,67,,,,2020-04-23T15:31:22Z,2016,2016-01-01,2016-12-31
22240704,RS_246,COUNTRY,ECU,YEAR,2016,ROADUSERTYPE,RS-DDC-2OR3WHEELS,,,,,,,19.1,19.1,,,,2020-04-23T15:31:22Z,2016,2016-01-01,2016-12-31
22240705,RS_246,COUNTRY,EGY,YEAR,2016,ROADUSERTYPE,RS-DDC-2OR3WHEELS,,,,,,,5.5,5.5,,,,2020-04-23T15:31:22Z,2016,2016-01-01,2016-12-31
22240706,RS_246,COUNTRY,SLV,YEAR,2016,ROADUSERTYPE,RS-DDC-2OR3WHEELS,,,,,,,14.2,14.2,,,,2020-04-23T15:31:22Z,2016,2016-01-01,2016-12-31
22240707,RS_246,COUNTRY,ERI,YEAR,2016,ROADUSERTYPE,RS-DDC-2OR3WHEELS,,,,,,,1.5,1.5,,,,2020-04-23T15:31:22Z,2016,2016-01-01,2016-12-31
22240708,RS_246,COUNTRY,EST,YEAR,2016,ROADUSERTYPE,RS-DDC-2OR3WHEELS,,,,,,,1.4,1.4,,,,2020-04-23T15:31:22Z,2016,2016-01-01,2016-12-31
22240709,RS_246,COUNTRY,SWZ,YEAR,2016,ROADUSERTYPE,RS-DDC-2OR3WHEELS,,,,,,,0.5,0.5,,,,2020-04-23T15:31:22Z,2016,2016-01-01,2016-12-31
22240710,RS_246,COUNTRY,FIN,YEAR,2016,ROADUSERTYPE,RS-DDC-2OR3WHEELS,,,,,,,8.7,8.7,,,,2020-04-23T15:31:22Z,2016,2016-01-01,2016-12-31
22240711,RS_246,COUNTRY,FRA,YEAR,2016,ROADUSERTYPE,RS-DDC-2OR3WHEELS,,,,,,,21.1,21.1,,,,2020-04-23T15:31:22Z,2016,2016-01-01,2016-12-31
22240712,RS_246,COUNTRY,GEO,YEAR,2016,ROADUSERTYPE,RS-DDC-2OR3WHEELS,,,,,,,0.5,0.5,,,,2020-04-23T15:31:22Z,2016,2016-01-01,2016-12-31
22240713,RS_246,COUNTRY,DEU,YEAR,2016,ROADUSERTYPE,RS-DDC-2OR3WHEELS,,,,,,,18.8,18.8,,,,2020-04-23T15:31:22Z,2016,2016-01-01,2016-12-31
22240714,RS_246,COUNTRY,GHA,YEAR,2016,ROADUSERTYPE,RS-DDC-2OR3WHEELS,,,,,,,17.9,17.9,,,,2020-04-23T15:31:22Z,2016,2016-01-01,2016-12-31
22240715,RS_246,COUNTRY,GRC,YEAR,2016,ROADUSERTYPE,RS-DDC-2OR3WHEELS,,,,,,,32.4,32.4,,,,2020-04-23T15:31:22Z,2016,2016-01-01,2016-12-31
22240716,RS_246,COUNTRY,GTM,YEAR,2016,ROADUSERTYPE,RS-DDC-2OR3WHEELS,,,,,,,32.7,32.7,,,,2020-04-23T15:31:22Z,2016,2016-01-01,2016-12-31
22240717,RS_246,COUNTRY,GUY,YEAR,2016,ROADUSERTYPE,RS-DDC-2OR3WHEELS,,,,,,,21.9,21.9,,,,2020-04-23T15:31:22Z,2016,2016-01-01,2016-12-31
22240718,RS_246,COUNTRY,HND,YEAR,2016,ROADUSERTYPE,RS-DDC-2OR3WHEELS,,,,,,,24.3,24.3,,,,2020-04-23T15:31:22Z,2016,2016-01-01,2016-12-31
22240719,RS_246,COUNTRY,HUN,YEAR,2016,ROADUSERTYPE,RS-DDC-2OR3WHEELS,,,,,,,10.5,10.5,,,,2020-04-23T15:31:22Z,2016,2016-01-01,2016-12-31
22240720,RS_246,COUNTRY,ISL,YEAR,2016,ROADUSERTYPE,RS-DDC-2OR3WHEELS,,,,,,,11.1,11.1,,,,2020-04-23T15:31:22Z,2016,2016-01-01,2016-12-31
22240721,RS_246,COUNTRY,IND,YEAR,2016,ROADUSERTYPE,RS-DDC-2OR3WHEELS,,,,,,,39.6,39.6,,,,2020-04-23T15:31:22Z,2016,2016-01-01,2016-12-31
22240722,RS_246,COUNTRY,IDN,YEAR,2016,ROADUSERTYPE,RS-DDC-2OR3WHEELS,,,,,,,73.6,73.6,,,,2020-04-23T15:31:22Z,2016,2016-01-01,2016-12-31
22240723,RS_246,COUNTRY,IRN,YEAR,2016,ROADUSERTYPE,RS-DDC-2OR3WHEELS,,,,,,,24.1,24.1,,,,2020-04-23T15:31:22Z,2016,2016-01-01,2016-12-31
22240724,RS_246,COUNTRY,IRL,YEAR,2016,ROADUSERTYPE,RS-DDC-2OR3WHEELS,,,,,,,11.7,11.7,,,,2020-04-23T15:31:22Z,2016,2016-01-01,2016-12-31
22240725,RS_246,COUNTRY,ISR,YEAR,2016,ROADUSERTYPE,RS-DDC-2OR3WHEELS,,,,,,,12.2,12.2,,,,2020-04-23T15:31:22Z,2016,2016-01-01,2016-12-31
22240726,RS_246,COUNTRY,ITA,YEAR,2016,ROADUSERTYPE,RS-DDC-2OR3WHEELS,,,,,,,25.6,25.6,,,,2020-04-23T15:31:22Z,2016,2016-01-01,2016-12-31
22240727,RS_246,COUNTRY,JAM,YEAR,2016,ROADUSERTYPE,RS-DDC-2OR3WHEELS,,,,,,,28.8,28.8,,,,2020-04-23T15:31:22Z,2016,2016-01-01,2016-12-31
22240728,RS_246,COUNTRY,JPN,YEAR,2016,ROADUSERTYPE,RS-DDC-2OR3WHEELS,,,,,,,17.2,17.2,,,,2020-04-23T15:31:22Z,2016,2016-01-01,2016-12-31
22240729,RS_246,COUNTRY,JOR,YEAR,2016,ROADUSERTYPE,RS-DDC-2OR3WHEELS,,,,,,,0.0,0,,,,2020-04-23T15:31:22Z,2016,2016-01-01,2016-12-31
22240730,RS_246,COUNTRY,KAZ,YEAR,2016,ROADUSERTYPE,RS-DDC-2OR3WHEELS,,,,,,,4.3,4.3,,,,2020-04-23T15:31:22Z,2016,2016-01-01,2016-12-31
22240731,RS_246,COUNTRY,KEN,YEAR,2016,ROADUSERTYPE,RS-DDC-2OR3WHEELS,,,,,,,24.2,24.2,,,,2020-04-23T15:31:22Z,2016,2016-01-01,2016-12-31
22240732,RS_246,COUNTRY,KIR,YEAR,2016,ROADUSERTYPE,RS-DDC-2OR3WHEELS,,,,,,,20.0,20,,,,2020-04-23T15:31:22Z,2016,2016-01-01,2016-12-31
22240733,RS_246,COUNTRY,KGZ,YEAR,2016,ROADUSERTYPE,RS-DDC-2OR3WHEELS,,,,,,,2.1,2.1,,,,2020-04-23T15:31:22Z,2016,2016-01-01,2016-12-31
22240734,RS_246,COUNTRY,LVA,YEAR,2016,ROADUSERTYPE,RS-DDC-2OR3WHEELS,,,,,,,12.0,12,,,,2020-04-23T15:31:22Z,2016,2016-01-01,2016-12-31
22240735,RS_246,COUNTRY,LBN,YEAR,2016,ROADUSERTYPE,RS-DDC-2OR3WHEELS,,,,,,,20.7,20.7,,,,2020-04-23T15:31:22Z,2016,2016-01-01,2016-12-31
22240736,RS_246,COUNTRY,LBY,YEAR,2016,ROADUSERTYPE,RS-DDC-2OR3WHEELS,,,,,,,1.9,1.9,,,,2020-04-23T15:31:23Z,2016,2016-01-01,2016-12-31
22240737,RS_246,COUNTRY,LTU,YEAR,2016,ROADUSERTYPE,RS-DDC-2OR3WHEELS,,,,,,,5.7,5.7,,,,2020-04-23T15:31:23Z,2016,2016-01-01,2016-12-31
22240738,RS_246,COUNTRY,LUX,YEAR,2016,ROADUSERTYPE,RS-DDC-2OR3WHEELS,,,,,,,9.4,9.4,,,,2020-04-23T15:31:23Z,2016,2016-01-01,2016-12-31
22240739,RS_246,COUNTRY,MWI,YEAR,2016,ROADUSERTYPE,RS-DDC-2OR3WHEELS,,,,,,,3.2,3.2,,,,2020-04-23T15:31:23Z,2016,2016-01-01,2016-12-31
22240740,RS_246,COUNTRY,MDV,YEAR,2016,ROADUSERTYPE,RS-DDC-2OR3WHEELS,,,,,,,75.0,75,,,,2020-04-23T15:31:23Z,2016,2016-01-01,2016-12-31
22240741,RS_246,COUNTRY,MLI,YEAR,2016,ROADUSERTYPE,RS-DDC-2OR3WHEELS,,,,,,,42.3,42.3,,,,2020-04-23T15:31:23Z,2016,2016-01-01,2016-12-31
22240742,RS_246,COUNTRY,MLT,YEAR,2016,ROADUSERTYPE,RS-DDC-2OR3WHEELS,,,,,,,40.9,40.9,,,,2020-04-23T15:31:23Z,2016,2016-01-01,2016-12-31
22240743,RS_246,COUNTRY,MHL,YEAR,2013,ROADUSERTYPE,RS-DDC-2OR3WHEELS,,,,,,,66.7,66.7,,,,2020-04-23T15:31:23Z,2013,2013-01-01,2013-12-31
22240744,RS_246,COUNTRY,MUS,YEAR,2016,ROADUSERTYPE,RS-DDC-2OR3WHEELS,,,,,,,45.8,45.8,,,,2020-04-23T15:31:23Z,2016,2016-01-01,2016-12-31
22240745,RS_246,COUNTRY,MEX,YEAR,2016,ROADUSERTYPE,RS-DDC-2OR3WHEELS,,,,,,,9.6,9.6,,,,2020-04-23T15:31:23Z,2016,2016-01-01,2016-12-31
22240746,RS_246,COUNTRY,FSM,YEAR,2016,ROADUSERTYPE,RS-DDC-2OR3WHEELS,,,,,,,0.0,0,,,,2020-04-23T15:31:23Z,2016,2016-01-01,2016-12-31
22240747,RS_246,COUNTRY,MNG,YEAR,2016,ROADUSERTYPE,RS-DDC-2OR3WHEELS,,,,,,,18.6,18.6,,,,2020-04-23T15:31:23Z,2016,2016-01-01,2016-12-31
22240748,RS_246,COUNTRY,MNE,YEAR,2016,ROADUSERTYPE,RS-DDC-2OR3WHEELS,,,,,,,15.4,15.4,,,,2020-04-23T15:31:23Z,2016,2016-01-01,2016-12-31
22240749,RS_246,COUNTRY,MAR,YEAR,2016,ROADUSERTYPE,RS-DDC-2OR3WHEELS,,,,,,,28.7,28.7,,,,2020-04-23T15:31:23Z,2016,2016-01-01,2016-12-31
22240750,RS_246,COUNTRY,MMR,YEAR,2016,ROADUSERTYPE,RS-DDC-2OR3WHEELS,,,,,,,64.8,64.8,,,,2020-04-23T15:31:23Z,2016,2016-01-01,2016-12-31
22240751,RS_246,COUNTRY,NLD,YEAR,2016,ROADUSERTYPE,RS-DDC-2OR3WHEELS,,,,,,,21.4,21.4,,,,2020-04-23T15:31:23Z,2016,2016-01-01,2016-12-31
22240752,RS_246,COUNTRY,NZL,YEAR,2016,ROADUSERTYPE,RS-DDC-2OR3WHEELS,,,,,,,15.9,15.9,,,,2020-04-23T15:31:23Z,2016,2016-01-01,2016-12-31
22240753,RS_246,COUNTRY,NIC,YEAR,2013,ROADUSERTYPE,RS-DDC-2OR3WHEELS,,,,,,,26.0,26,,,,2020-04-23T15:31:23Z,2013,2013-01-01,2013-12-31
22240754,RS_246,COUNTRY,NOR,YEAR,2016,ROADUSERTYPE,RS-DDC-2OR3WHEELS,,,,,,,17.0,17,,,,2020-04-23T15:31:23Z,2016,2016-01-01,2016-12-31
22240755,RS_246,COUNTRY,OMN,YEAR,2016,ROADUSERTYPE,RS-DDC-2OR3WHEELS,,,,,,,3.9,3.9,,,,2020-04-23T15:31:23Z,2016,2016-01-01,2016-12-31
22240756,RS_246,COUNTRY,PAN,YEAR,2016,ROADUSERTYPE,RS-DDC-2OR3WHEELS,,,,,,,4.4,4.4,,,,2020-04-23T15:31:23Z,2016,2016-01-01,2016-12-31
22240757,RS_246,COUNTRY,PRY,YEAR,2016,ROADUSERTYPE,RS-DDC-2OR3WHEELS,,,,,,,52.2,52.2,,,,2020-04-23T15:31:23Z,2016,2016-01-01,2016-12-31
22240758,RS_246,COUNTRY,PER,YEAR,2016,ROADUSERTYPE,RS-DDC-2OR3WHEELS,,,,,,,0.6,0.6,,,,2020-04-23T15:31:23Z,2016,2016-01-01,2016-12-31
22240759,RS_246,COUNTRY,PHL,YEAR,2016,ROADUSERTYPE,RS-DDC-2OR3WHEELS,,,,,,,4.7,4.7,,,,2020-04-23T15:31:23Z,2016,2016-01-01,2016-12-31
22240760,RS_246,COUNTRY,POL,YEAR,2016,ROADUSERTYPE,RS-DDC-2OR3WHEELS,,,,,,,11.2,11.2,,,,2020-04-23T15:31:23Z,2016,2016-01-01,2016-12-31
22240761,RS_246,COUNTRY,PRT,YEAR,2016,ROADUSERTYPE,RS-DDC-2OR3WHEELS,,,,,,,18.3,18.3,,,,2020-04-23T15:31:23Z,2016,2016-01-01,2016-12-31
22240762,RS_246,COUNTRY,QAT,YEAR,2016,ROADUSERTYPE,RS-DDC-2OR3WHEELS,,,,,,,2.2,2.2,,,,2020-04-23T15:31:23Z,2016,2016-01-01,2016-12-31
22240763,RS_246,COUNTRY,KOR,YEAR,2016,ROADUSERTYPE,RS-DDC-2OR3WHEELS,,,,,,,20.5,20.5,,,,2020-04-23T15:31:23Z,2016,2016-01-01,2016-12-31
22240764,RS_246,COUNTRY,MDA,YEAR,2016,ROADUSERTYPE,RS-DDC-2OR3WHEELS,,,,,,,4.3,4.3,,,,2020-04-23T15:31:23Z,2016,2016-01-01,2016-12-31
22240765,RS_246,COUNTRY,ROU,YEAR,2016,ROADUSERTYPE,RS-DDC-2OR3WHEELS,,,,,,,4.4,4.4,,,,2020-04-23T15:31:23Z,2016,2016-01-01,2016-12-31
22240766,RS_246,COUNTRY,RUS,YEAR,2016,ROADUSERTYPE,RS-DDC-2OR3WHEELS,,,,,,,5.9,5.9,,,,2020-04-23T15:31:23Z,2016,2016-01-01,2016-12-31
22240767,RS_246,COUNTRY,LCA,YEAR,2016,ROADUSERTYPE,RS-DDC-2OR3WHEELS,,,,,,,20.0,20,,,,2020-04-23T15:31:23Z,2016,2016-01-01,2016-12-31
22240768,RS_246,COUNTRY,WSM,YEAR,2016,ROADUSERTYPE,RS-DDC-2OR3WHEELS,,,,,,,0.0,0,,,,2020-04-23T15:31:23Z,2016,2016-01-01,2016-12-31
22240769,RS_246,COUNTRY,SRB,YEAR,2016,ROADUSERTYPE,RS-DDC-2OR3WHEELS,,,,,,,8.7,8.7,,,,2020-04-23T15:31:23Z,2016,2016-01-01,2016-12-31
22240770,RS_246,COUNTRY,SYC,YEAR,2016,ROADUSERTYPE,RS-DDC-2OR3WHEELS,,,,,,,20.0,20,,,,2020-04-23T15:31:24Z,2016,2016-01-01,2016-12-31
22240771,RS_246,COUNTRY,SGP,YEAR,2016,ROADUSERTYPE,RS-DDC-2OR3WHEELS,,,,,,,44.0,44,,,,2020-04-23T15:31:24Z,2016,2016-01-01,2016-12-31
22240772,RS_246,COUNTRY,SVK,YEAR,2016,ROADUSERTYPE,RS-DDC-2OR3WHEELS,,,,,,,8.7,8.7,,,,2020-04-23T15:31:24Z,2016,2016-01-01,2016-12-31
22240773,RS_246,COUNTRY,SVN,YEAR,2016,ROADUSERTYPE,RS-DDC-2OR3WHEELS,,,,,,,19.2,19.2,,,,2020-04-23T15:31:24Z,2016,2016-01-01,2016-12-31
22240774,RS_246,COUNTRY,ZAF,YEAR,2016,ROADUSERTYPE,RS-DDC-2OR3WHEELS,,,,,,,0.3,0.3,,,,2020-04-23T15:31:24Z,2016,2016-01-01,2016-12-31
22240775,RS_246,COUNTRY,ESP,YEAR,2016,ROADUSERTYPE,RS-DDC-2OR3WHEELS,,,,,,,21.9,21.9,,,,2020-04-23T15:31:24Z,2016,2016-01-01,2016-12-31
22240776,RS_246,COUNTRY,LKA,YEAR,2016,ROADUSERTYPE,RS-DDC-2OR3WHEELS,,,,,,,50.8,50.8,,,,2020-04-23T15:31:24Z,2016,2016-01-01,2016-12-31
22240777,RS_246,COUNTRY,SUR,YEAR,2016,ROADUSERTYPE,RS-DDC-2OR3WHEELS,,,,,,,45.9,45.9,,,,2020-04-23T15:31:24Z,2016,2016-01-01,2016-12-31
22240778,RS_246,COUNTRY,SWZ,YEAR,2013,ROADUSERTYPE,RS-DDC-2OR3WHEELS,,,,,,,2.0,2,,,,2020-04-23T15:31:24Z,2013,2013-01-01,2013-12-31
22240779,RS_246,COUNTRY,SWE,YEAR,2016,ROADUSERTYPE,RS-DDC-2OR3WHEELS,,,,,,,16.3,16.3,,,,2020-04-23T15:31:24Z,2016,2016-01-01,2016-12-31
22240780,RS_246,COUNTRY,CHE,YEAR,2016,ROADUSERTYPE,RS-DDC-2OR3WHEELS,,,,,,,22.7,22.7,,,,2020-04-23T15:31:24Z,2016,2016-01-01,2016-12-31
22240781,RS_246,COUNTRY,SYR,YEAR,2016,ROADUSERTYPE,RS-DDC-2OR3WHEELS,,,,,,,6.4,6.4,,,,2020-04-23T15:31:24Z,2016,2016-01-01,2016-12-31
22240782,RS_246,COUNTRY,THA,YEAR,2016,ROADUSERTYPE,RS-DDC-2OR3WHEELS,,,,,,,74.4,74.4,,,,2020-04-23T15:31:24Z,2016,2016-01-01,2016-12-31
22240783,RS_246,COUNTRY,MKD,YEAR,2016,ROADUSERTYPE,RS-DDC-2OR3WHEELS,,,,,,,9.5,9.5,,,,2020-04-23T15:31:24Z,2016,2016-01-01,2016-12-31
22240784,RS_246,COUNTRY,TGO,YEAR,2016,ROADUSERTYPE,RS-DDC-2OR3WHEELS,,,,,,,71.6,71.6,,,,2020-04-23T15:31:24Z,2016,2016-01-01,2016-12-31
22240785,RS_246,COUNTRY,TON,YEAR,2016,ROADUSERTYPE,RS-DDC-2OR3WHEELS,,,,,,,0.0,0,,,,2020-04-23T15:31:24Z,2016,2016-01-01,2016-12-31
22240786,RS_246,COUNTRY,TTO,YEAR,2016,ROADUSERTYPE,RS-DDC-2OR3WHEELS,,,,,,,2.2,2.2,,,,2020-04-23T15:31:24Z,2016,2016-01-01,2016-12-31
22240787,RS_246,COUNTRY,TUN,YEAR,2016,ROADUSERTYPE,RS-DDC-2OR3WHEELS,,,,,,,22.9,22.9,,,,2020-04-23T15:31:24Z,2016,2016-01-01,2016-12-31
22240788,RS_246,COUNTRY,TUR,YEAR,2016,ROADUSERTYPE,RS-DDC-2OR3WHEELS,,,,,,,14.9,14.9,,,,2020-04-23T15:31:24Z,2016,2016-01-01,2016-12-31
22240789,RS_246,COUNTRY,UGA,YEAR,2016,ROADUSERTYPE,RS-DDC-2OR3WHEELS,,,,,,,33.4,33.4,,,,2020-04-23T15:31:24Z,2016,2016-01-01,2016-12-31
22240790,RS_246,COUNTRY,UKR,YEAR,2016,ROADUSERTYPE,RS-DDC-2OR3WHEELS,,,,,,,8.7,8.7,,,,2020-04-23T15:31:24Z,2016,2016-01-01,2016-12-31
22240791,RS_246,COUNTRY,ARE,YEAR,2016,ROADUSERTYPE,RS-DDC-2OR3WHEELS,,,,,,,5.5,5.5,,,,2020-04-23T15:31:24Z,2016,2016-01-01,2016-12-31
22240792,RS_246,COUNTRY,GBR,YEAR,2016,ROADUSERTYPE,RS-DDC-2OR3WHEELS,,,,,,,20.5,20.5,,,,2020-04-23T15:31:24Z,2016,2016-01-01,2016-12-31
22240793,RS_246,COUNTRY,TZA,YEAR,2016,ROADUSERTYPE,RS-DDC-2OR3WHEELS,,,,,,,22.7,22.7,,,,2020-04-23T15:31:24Z,2016,2016-01-01,2016-12-31
22240794,RS_246,COUNTRY,USA,YEAR,2016,ROADUSERTYPE,RS-DDC-2OR3WHEELS,,,,,,,14.2,14.2,,,,2020-04-23T15:31:24Z,2016,2016-01-01,2016-12-31
22240795,RS_246,COUNTRY,URY,YEAR,2016,ROADUSERTYPE,RS-DDC-2OR3WHEELS,,,,,,,45.7,45.7,,,,2020-04-23T15:31:24Z,2016,2016-01-01,2016-12-31
22240796,RS_246,COUNTRY,PSE,YEAR,2016,ROADUSERTYPE,RS-DDC-2OR3WHEELS,,,,,,,2.5,2.5,,,,2020-04-23T15:31:24Z,2016,2016-01-01,2016-12-31
22240797,RS_246,COUNTRY,ZWE,YEAR,2016,ROADUSERTYPE,RS-DDC-2OR3WHEELS,,,,,,,10.2,10.2,,,,2020-04-23T15:31:24Z,2016,2016-01-01,2016-12-31
22240798,RS_246,COUNTRY,ALB,YEAR,2016,ROADUSERTYPE,RS-DDC-4WHEELS,,,,,,,39.4,39.4,,,,2020-04-23T15:31:24Z,2016,2016-01-01,2016-12-31
22240799,RS_246,COUNTRY,AGO,YEAR,2016,ROADUSERTYPE,RS-DDC-4WHEELS,,,,,,,59.5,59.5,,,,2020-04-23T15:31:24Z,2016,2016-01-01,2016-12-31
22240800,RS_246,COUNTRY,ATG,YEAR,2016,ROADUSERTYPE,RS-DDC-4WHEELS,,,,,,,62.5,62.5,,,,2020-04-23T15:31:24Z,2016,2016-01-01,2016-12-31
22240801,RS_246,COUNTRY,ARG,YEAR,2016,ROADUSERTYPE,RS-DDC-4WHEELS,,,,,,,47.2,47.2,,,,2020-04-23T15:31:24Z,2016,2016-01-01,2016-12-31
22240802,RS_246,COUNTRY,ARM,YEAR,2016,ROADUSERTYPE,RS-DDC-4WHEELS,,,,,,,59.6,59.6,,,,2020-04-23T15:31:24Z,2016,2016-01-01,2016-12-31
22240803,RS_246,COUNTRY,AUS,YEAR,2016,ROADUSERTYPE,RS-DDC-4WHEELS,,,,,,,60.9,60.9,,,,2020-04-23T15:31:24Z,2016,2016-01-01,2016-12-31
22240804,RS_246,COUNTRY,AUT,YEAR,2016,ROADUSERTYPE,RS-DDC-4WHEELS,,,,,,,43.8,43.8,,,,2020-04-23T15:31:24Z,2016,2016-01-01,2016-12-31
22240805,RS_246,COUNTRY,AZE,YEAR,2016,ROADUSERTYPE,RS-DDC-4WHEELS,,,,,,,51.8,51.8,,,,2020-04-23T15:31:24Z,2016,2016-01-01,2016-12-31
22240806,RS_246,COUNTRY,BHS,YEAR,2013,ROADUSERTYPE,RS-DDC-4WHEELS,,,,,,,57.7,57.7,,,,2020-04-23T15:31:24Z,2013,2013-01-01,2013-12-31
22240807,RS_246,COUNTRY,BHR,YEAR,2013,ROADUSERTYPE,RS-DDC-4WHEELS,,,,,,,59.3,59.3,,,,2020-04-23T15:31:24Z,2013,2013-01-01,2013-12-31
22240808,RS_246,COUNTRY,BRB,YEAR,2016,ROADUSERTYPE,RS-DDC-4WHEELS,,,,,,,33.3,33.3,,,,2020-04-23T15:31:24Z,2016,2016-01-01,2016-12-31
22240809,RS_246,COUNTRY,BLR,YEAR,2016,ROADUSERTYPE,RS-DDC-4WHEELS,,,,,,,48.5,48.5,,,,2020-04-23T15:31:25Z,2016,2016-01-01,2016-12-31
22240810,RS_246,COUNTRY,BEL,YEAR,2016,ROADUSERTYPE,RS-DDC-4WHEELS,,,,,,,57.1,57.1,,,,2020-04-23T15:31:25Z,2016,2016-01-01,2016-12-31
22240811,RS_246,COUNTRY,BLZ,YEAR,2016,ROADUSERTYPE,RS-DDC-4WHEELS,,,,,,,18.8,18.8,,,,2020-04-23T15:31:25Z,2016,2016-01-01,2016-12-31
22240812,RS_246,COUNTRY,BEN,YEAR,2016,ROADUSERTYPE,RS-DDC-4WHEELS,,,,,,,16.8,16.8,,,,2020-04-23T15:31:25Z,2016,2016-01-01,2016-12-31
22240813,RS_246,COUNTRY,BOL,YEAR,2016,ROADUSERTYPE,RS-DDC-4WHEELS,,,,,,,60.8,60.8,,,,2020-04-23T15:31:25Z,2016,2016-01-01,2016-12-31
22240814,RS_246,COUNTRY,BWA,YEAR,2016,ROADUSERTYPE,RS-DDC-4WHEELS,,,,,,,63.1,63.1,,,,2020-04-23T15:31:25Z,2016,2016-01-01,2016-12-31
22240815,RS_246,COUNTRY,BRA,YEAR,2016,ROADUSERTYPE,RS-DDC-4WHEELS,,,,,,,23.2,23.2,,,,2020-04-23T15:31:25Z,2016,2016-01-01,2016-12-31
22240816,RS_246,COUNTRY,BGR,YEAR,2016,ROADUSERTYPE,RS-DDC-4WHEELS,,,,,,,63.8,63.8,,,,2020-04-23T15:31:25Z,2016,2016-01-01,2016-12-31
22240817,RS_246,COUNTRY,KHM,YEAR,2016,ROADUSERTYPE,RS-DDC-4WHEELS,,,,,,,6.2,6.2,,,,2020-04-23T15:31:25Z,2016,2016-01-01,2016-12-31
22240818,RS_246,COUNTRY,CAN,YEAR,2016,ROADUSERTYPE,RS-DDC-4WHEELS,,,,,,,64.3,64.3,,,,2020-04-23T15:31:25Z,2016,2016-01-01,2016-12-31
22240819,RS_246,COUNTRY,CHL,YEAR,2016,ROADUSERTYPE,RS-DDC-4WHEELS,,,,,,,42.0,42,,,,2020-04-23T15:31:25Z,2016,2016-01-01,2016-12-31
22240820,RS_246,COUNTRY,COL,YEAR,2016,ROADUSERTYPE,RS-DDC-4WHEELS,,,,,,,8.4,8.4,,,,2020-04-23T15:31:25Z,2016,2016-01-01,2016-12-31
22240821,RS_246,COUNTRY,COM,YEAR,2016,ROADUSERTYPE,RS-DDC-4WHEELS,,,,,,,65.2,65.2,,,,2020-04-23T15:31:25Z,2016,2016-01-01,2016-12-31
22240822,RS_246,COUNTRY,COK,YEAR,2016,ROADUSERTYPE,RS-DDC-4WHEELS,,,,,,,20.0,20,,,,2020-04-23T15:31:25Z,2016,2016-01-01,2016-12-31
22240823,RS_246,COUNTRY,CRI,YEAR,2016,ROADUSERTYPE,RS-DDC-4WHEELS,,,,,,,24.0,24,,,,2020-04-23T15:31:25Z,2016,2016-01-01,2016-12-31
22240824,RS_246,COUNTRY,CIV,YEAR,2016,ROADUSERTYPE,RS-DDC-4WHEELS,,,,,,,11.1,11.1,,,,2020-04-23T15:31:25Z,2016,2016-01-01,2016-12-31
22240825,RS_246,COUNTRY,HRV,YEAR,2016,ROADUSERTYPE,RS-DDC-4WHEELS,,,,,,,48.2,48.2,,,,2020-04-23T15:31:25Z,2016,2016-01-01,2016-12-31
22240826,RS_246,COUNTRY,CUB,YEAR,2016,ROADUSERTYPE,RS-DDC-4WHEELS,,,,,,,10.1,10.1,,,,2020-04-23T15:31:25Z,2016,2016-01-01,2016-12-31
22240827,RS_246,COUNTRY,CYP,YEAR,2016,ROADUSERTYPE,RS-DDC-4WHEELS,,,,,,,34.8,34.8,,,,2020-04-23T15:31:25Z,2016,2016-01-01,2016-12-31
22240828,RS_246,COUNTRY,CZE,YEAR,2016,ROADUSERTYPE,RS-DDC-4WHEELS,,,,,,,53.7,53.7,,,,2020-04-23T15:31:25Z,2016,2016-01-01,2016-12-31
22240829,RS_246,COUNTRY,COD,YEAR,2016,ROADUSERTYPE,RS-DDC-4WHEELS,,,,,,,36.1,36.1,,,,2020-04-23T15:31:25Z,2016,2016-01-01,2016-12-31
22240830,RS_246,COUNTRY,DNK,YEAR,2016,ROADUSERTYPE,RS-DDC-4WHEELS,,,,,,,48.3,48.3,,,,2020-04-23T15:31:25Z,2016,2016-01-01,2016-12-31
22240831,RS_246,COUNTRY,DMA,YEAR,2016,ROADUSERTYPE,RS-DDC-4WHEELS,,,,,,,10.0,10,,,,2020-04-23T15:31:25Z,2016,2016-01-01,2016-12-31
22240832,RS_246,COUNTRY,DOM,YEAR,2016,ROADUSERTYPE,RS-DDC-4WHEELS,,,,,,,11.0,11,,,,2020-04-23T15:31:25Z,2016,2016-01-01,2016-12-31
22240833,RS_246,COUNTRY,ECU,YEAR,2016,ROADUSERTYPE,RS-DDC-4WHEELS,,,,,,,5.2,5.2,,,,2020-04-23T15:31:25Z,2016,2016-01-01,2016-12-31
22240834,RS_246,COUNTRY,EGY,YEAR,2016,ROADUSERTYPE,RS-DDC-4WHEELS,,,,,,,45.1,45.1,,,,2020-04-23T15:31:25Z,2016,2016-01-01,2016-12-31
22240835,RS_246,COUNTRY,SLV,YEAR,2016,ROADUSERTYPE,RS-DDC-4WHEELS,,,,,,,32.1,32.1,,,,2020-04-23T15:31:25Z,2016,2016-01-01,2016-12-31
22240836,RS_246,COUNTRY,ERI,YEAR,2016,ROADUSERTYPE,RS-DDC-4WHEELS,,,,,,,36.2,36.2,,,,2020-04-23T15:31:25Z,2016,2016-01-01,2016-12-31
22240837,RS_246,COUNTRY,EST,YEAR,2016,ROADUSERTYPE,RS-DDC-4WHEELS,,,,,,,52.1,52.1,,,,2020-04-23T15:31:25Z,2016,2016-01-01,2016-12-31
22240838,RS_246,COUNTRY,SWZ,YEAR,2016,ROADUSERTYPE,RS-DDC-4WHEELS,,,,,,,53.7,53.7,,,Drivers and passengers (all vehicles),2020-04-23T15:31:25Z,2016,2016-01-01,2016-12-31
22240839,RS_246,COUNTRY,ETH,YEAR,2016,ROADUSERTYPE,RS-DDC-4WHEELS,,,,,,,0.0,0,,,,2020-04-23T15:31:25Z,2016,2016-01-01,2016-12-31
22240840,RS_246,COUNTRY,FJI,YEAR,2016,ROADUSERTYPE,RS-DDC-4WHEELS,,,,,,,63.3h,,,,,2020-04-23T15:31:25Z,2016,2016-01-01,2016-12-31
22240841,RS_246,COUNTRY,FIN,YEAR,2016,ROADUSERTYPE,RS-DDC-4WHEELS,,,,,,,64.7,64.7,,,,2020-04-23T15:31:25Z,2016,2016-01-01,2016-12-31
22240842,RS_246,COUNTRY,FRA,YEAR,2016,ROADUSERTYPE,RS-DDC-4WHEELS,,,,,,,54.4,54.4,,,,2020-04-23T15:31:25Z,2016,2016-01-01,2016-12-31
22240843,RS_246,COUNTRY,GEO,YEAR,2016,ROADUSERTYPE,RS-DDC-4WHEELS,,,,,,,44.9,44.9,,,,2020-04-23T15:31:25Z,2016,2016-01-01,2016-12-31
22240844,RS_246,COUNTRY,DEU,YEAR,2016,ROADUSERTYPE,RS-DDC-4WHEELS,,,,,,,47.8,47.8,,,,2020-04-23T15:31:25Z,2016,2016-01-01,2016-12-31
22240845,RS_246,COUNTRY,GHA,YEAR,2016,ROADUSERTYPE,RS-DDC-4WHEELS,,,,,,,12.0,12,,,,2020-04-23T15:31:26Z,2016,2016-01-01,2016-12-31
22240846,RS_246,COUNTRY,GRC,YEAR,2016,ROADUSERTYPE,RS-DDC-4WHEELS,,,,,,,40.3,40.3,,,,2020-04-23T15:31:26Z,2016,2016-01-01,2016-12-31
22240847,RS_246,COUNTRY,GTM,YEAR,2016,ROADUSERTYPE,RS-DDC-4WHEELS,,,,,,,19.4,19.4,,,,2020-04-23T15:31:26Z,2016,2016-01-01,2016-12-31
22240848,RS_246,COUNTRY,GUY,YEAR,2016,ROADUSERTYPE,RS-DDC-4WHEELS,,,,,,,24.2,24.2,,,,2020-04-23T15:31:26Z,2016,2016-01-01,2016-12-31
22240849,RS_246,COUNTRY,HND,YEAR,2016,ROADUSERTYPE,RS-DDC-4WHEELS,,,,,,,18.6,18.6,,,,2020-04-23T15:31:26Z,2016,2016-01-01,2016-12-31
22240850,RS_246,COUNTRY,HUN,YEAR,2016,ROADUSERTYPE,RS-DDC-4WHEELS,,,,,,,44.3,44.3,,,,2020-04-23T15:31:26Z,2016,2016-01-01,2016-12-31
22240851,RS_246,COUNTRY,ISL,YEAR,2016,ROADUSERTYPE,RS-DDC-4WHEELS,,,,,,,72.2,72.2,,,,2020-04-23T15:31:26Z,2016,2016-01-01,2016-12-31
22240852,RS_246,COUNTRY,IND,YEAR,2016,ROADUSERTYPE,RS-DDC-4WHEELS,,,,,,,17.9,17.9,,,,2020-04-23T15:31:26Z,2016,2016-01-01,2016-12-31
22240853,RS_246,COUNTRY,IDN,YEAR,2016,ROADUSERTYPE,RS-DDC-4WHEELS,,,,,,,4.9,4.9,,,,2020-04-23T15:31:26Z,2016,2016-01-01,2016-12-31
22240854,RS_246,COUNTRY,IRN,YEAR,2016,ROADUSERTYPE,RS-DDC-4WHEELS,,,,,,,48.7,48.7,,,,2020-04-23T15:31:26Z,2016,2016-01-01,2016-12-31
22240855,RS_246,COUNTRY,IRL,YEAR,2016,ROADUSERTYPE,RS-DDC-4WHEELS,,,,,,,62.2,62.2,,,,2020-04-23T15:31:26Z,2016,2016-01-01,2016-12-31
22240856,RS_246,COUNTRY,ISR,YEAR,2016,ROADUSERTYPE,RS-DDC-4WHEELS,,,,,,,46.3,46.3,,,,2020-04-23T15:31:26Z,2016,2016-01-01,2016-12-31
22240857,RS_246,COUNTRY,ITA,YEAR,2016,ROADUSERTYPE,RS-DDC-4WHEELS,,,,,,,42.8,42.8,,,,2020-04-23T15:31:26Z,2016,2016-01-01,2016-12-31
22240858,RS_246,COUNTRY,JAM,YEAR,2016,ROADUSERTYPE,RS-DDC-4WHEELS,,,,,,,33.0,33,,,,2020-04-23T15:31:26Z,2016,2016-01-01,2016-12-31
22240859,RS_246,COUNTRY,JPN,YEAR,2016,ROADUSERTYPE,RS-DDC-4WHEELS,,,,,,,32.4,32.4,,,,2020-04-23T15:31:26Z,2016,2016-01-01,2016-12-31
22240860,RS_246,COUNTRY,JOR,YEAR,2016,ROADUSERTYPE,RS-DDC-4WHEELS,,,,,,,71.3h,,,,,2020-04-23T15:31:26Z,2016,2016-01-01,2016-12-31
22240861,RS_246,COUNTRY,KAZ,YEAR,2016,ROADUSERTYPE,RS-DDC-4WHEELS,,,,,,,59.8,59.8,,,,2020-04-23T15:31:26Z,2016,2016-01-01,2016-12-31
22240862,RS_246,COUNTRY,KEN,YEAR,2016,ROADUSERTYPE,RS-DDC-4WHEELS,,,,,,,36.4h,,,,,2020-04-23T15:31:26Z,2016,2016-01-01,2016-12-31
22240863,RS_246,COUNTRY,KIR,YEAR,2016,ROADUSERTYPE,RS-DDC-4WHEELS,,,,,,,40.0,40,,,,2020-04-23T15:31:26Z,2016,2016-01-01,2016-12-31
22240864,RS_246,COUNTRY,KGZ,YEAR,2016,ROADUSERTYPE,RS-DDC-4WHEELS,,,,,,,27.6,27.6,,,,2020-04-23T15:31:26Z,2016,2016-01-01,2016-12-31
22240865,RS_246,COUNTRY,LVA,YEAR,2016,ROADUSERTYPE,RS-DDC-4WHEELS,,,,,,,44.9,44.9,,,,2020-04-23T15:31:26Z,2016,2016-01-01,2016-12-31
22240866,RS_246,COUNTRY,LBN,YEAR,2016,ROADUSERTYPE,RS-DDC-4WHEELS,,,,,,,42.4h,,,,,2020-04-23T15:31:26Z,2016,2016-01-01,2016-12-31
22240867,RS_246,COUNTRY,LBY,YEAR,2016,ROADUSERTYPE,RS-DDC-4WHEELS,,,,,,,75.0,75,,,,2020-04-23T15:31:26Z,2016,2016-01-01,2016-12-31
22240868,RS_246,COUNTRY,LTU,YEAR,2016,ROADUSERTYPE,RS-DDC-4WHEELS,,,,,,,46.4h,,,,,2020-04-23T15:31:26Z,2016,2016-01-01,2016-12-31
22240869,RS_246,COUNTRY,LUX,YEAR,2016,ROADUSERTYPE,RS-DDC-4WHEELS,,,,,,,62.5,62.5,,,,2020-04-23T15:31:26Z,2016,2016-01-01,2016-12-31
22240870,RS_246,COUNTRY,MDG,YEAR,2016,ROADUSERTYPE,RS-DDC-4WHEELS,,,,,,,52.9h,,,,,2020-04-23T15:31:26Z,2016,2016-01-01,2016-12-31
22240871,RS_246,COUNTRY,MWI,YEAR,2016,ROADUSERTYPE,RS-DDC-4WHEELS,,,,,,,31.1,31.1,,,,2020-04-23T15:31:26Z,2016,2016-01-01,2016-12-31
22240872,RS_246,COUNTRY,MDV,YEAR,2016,ROADUSERTYPE,RS-DDC-4WHEELS,,,,,,,0.0,0,,,,2020-04-23T15:31:26Z,2016,2016-01-01,2016-12-31
22240873,RS_246,COUNTRY,MLI,YEAR,2016,ROADUSERTYPE,RS-DDC-4WHEELS,,,,,,,27.9,27.9,,,,2020-04-23T15:31:26Z,2016,2016-01-01,2016-12-31
22240874,RS_246,COUNTRY,MLT,YEAR,2016,ROADUSERTYPE,RS-DDC-4WHEELS,,,,,,,18.2,18.2,,,,2020-04-23T15:31:26Z,2016,2016-01-01,2016-12-31
22240875,RS_246,COUNTRY,MHL,YEAR,2013,ROADUSERTYPE,RS-DDC-4WHEELS,,,,,,,33.3,33.3,,,,2020-04-23T15:31:26Z,2013,2013-01-01,2013-12-31
22240876,RS_246,COUNTRY,MUS,YEAR,2016,ROADUSERTYPE,RS-DDC-4WHEELS,,,,,,,16.7,16.7,,,,2020-04-23T15:31:26Z,2016,2016-01-01,2016-12-31
22240877,RS_246,COUNTRY,MEX,YEAR,2016,ROADUSERTYPE,RS-DDC-4WHEELS,,,,,,,18.4h,,,,,2020-04-23T15:31:26Z,2016,2016-01-01,2016-12-31
22240878,RS_246,COUNTRY,FSM,YEAR,2016,ROADUSERTYPE,RS-DDC-4WHEELS,,,,,,,50.0,50,,,,2020-04-23T15:31:27Z,2016,2016-01-01,2016-12-31
22240879,RS_246,COUNTRY,MNG,YEAR,2016,ROADUSERTYPE,RS-DDC-4WHEELS,,,,,,,39.3,39.3,,,,2020-04-23T15:31:27Z,2016,2016-01-01,2016-12-31
22240880,RS_246,COUNTRY,MNE,YEAR,2016,ROADUSERTYPE,RS-DDC-4WHEELS,,,,,,,64.6,64.6,,,,2020-04-23T15:31:27Z,2016,2016-01-01,2016-12-31
22240881,RS_246,COUNTRY,MAR,YEAR,2016,ROADUSERTYPE,RS-DDC-4WHEELS,,,,,,,31.2,31.2,,,,2020-04-23T15:31:27Z,2016,2016-01-01,2016-12-31
22240882,RS_246,COUNTRY,MMR,YEAR,2016,ROADUSERTYPE,RS-DDC-4WHEELS,,,,,,,10.8,10.8,,,,2020-04-23T15:31:27Z,2016,2016-01-01,2016-12-31
22240883,RS_246,COUNTRY,NLD,YEAR,2016,ROADUSERTYPE,RS-DDC-4WHEELS,,,,,,,38.0,38,,,,2020-04-23T15:31:27Z,2016,2016-01-01,2016-12-31
22240884,RS_246,COUNTRY,NZL,YEAR,2016,ROADUSERTYPE,RS-DDC-4WHEELS,,,,,,,68.5,68.5,,,,2020-04-23T15:31:27Z,2016,2016-01-01,2016-12-31
22240885,RS_246,COUNTRY,NIC,YEAR,2013,ROADUSERTYPE,RS-DDC-4WHEELS,,,,,,,23.2,23.2,,,,2020-04-23T15:31:27Z,2013,2013-01-01,2013-12-31
22240886,RS_246,COUNTRY,NGA,YEAR,2016,ROADUSERTYPE,RS-DDC-4WHEELS,,,,,,,49.6,49.6,,,,2020-04-23T15:31:27Z,2016,2016-01-01,2016-12-31
22240887,RS_246,COUNTRY,NOR,YEAR,2016,ROADUSERTYPE,RS-DDC-4WHEELS,,,,,,,64.7,64.7,,,,2020-04-23T15:31:27Z,2016,2016-01-01,2016-12-31
22240888,RS_246,COUNTRY,PAK,YEAR,2016,ROADUSERTYPE,RS-DDC-4WHEELS,,,,,,,32.3,32.3,,,,2020-04-23T15:31:27Z,2016,2016-01-01,2016-12-31
22240889,RS_246,COUNTRY,PAN,YEAR,2016,ROADUSERTYPE,RS-DDC-4WHEELS,,,,,,,52.5,52.5,,,,2020-04-23T15:31:27Z,2016,2016-01-01,2016-12-31
22240890,RS_246,COUNTRY,PNG,YEAR,2016,ROADUSERTYPE,RS-DDC-4WHEELS,,,,,,,16.5,16.5,,,,2020-04-23T15:31:27Z,2016,2016-01-01,2016-12-31
22240891,RS_246,COUNTRY,PRY,YEAR,2016,ROADUSERTYPE,RS-DDC-4WHEELS,,,,,,,2.5,2.5,,,,2020-04-23T15:31:27Z,2016,2016-01-01,2016-12-31
22240892,RS_246,COUNTRY,PER,YEAR,2016,ROADUSERTYPE,RS-DDC-4WHEELS,,,,,,,0.3,0.3,,,,2020-04-23T15:31:27Z,2016,2016-01-01,2016-12-31
22240893,RS_246,COUNTRY,PHL,YEAR,2016,ROADUSERTYPE,RS-DDC-4WHEELS,,,,,,,46.8,46.8,,,,2020-04-23T15:31:27Z,2016,2016-01-01,2016-12-31
22240894,RS_246,COUNTRY,POL,YEAR,2016,ROADUSERTYPE,RS-DDC-4WHEELS,,,,,,,47.6,47.6,,,,2020-04-23T15:31:27Z,2016,2016-01-01,2016-12-31
22240895,RS_246,COUNTRY,PRT,YEAR,2016,ROADUSERTYPE,RS-DDC-4WHEELS,,,,,,,48.3,48.3,,,,2020-04-23T15:31:27Z,2016,2016-01-01,2016-12-31
22240896,RS_246,COUNTRY,KOR,YEAR,2016,ROADUSERTYPE,RS-DDC-4WHEELS,,,,,,,17.6,17.6,,,,2020-04-23T15:31:27Z,2016,2016-01-01,2016-12-31
22240897,RS_246,COUNTRY,MDA,YEAR,2016,ROADUSERTYPE,RS-DDC-4WHEELS,,,,,,,46.1,46.1,,,,2020-04-23T15:31:27Z,2016,2016-01-01,2016-12-31
22240898,RS_246,COUNTRY,ROU,YEAR,2016,ROADUSERTYPE,RS-DDC-4WHEELS,,,,,,,57.6,57.6,,,,2020-04-23T15:31:27Z,2016,2016-01-01,2016-12-31
22240899,RS_246,COUNTRY,RWA,YEAR,2016,ROADUSERTYPE,RS-DDC-4WHEELS,,,,,,,46.7,46.7,,,,2020-04-23T15:31:27Z,2016,2016-01-01,2016-12-31
22240900,RS_246,COUNTRY,LCA,YEAR,2016,ROADUSERTYPE,RS-DDC-4WHEELS,,,,,,,41.2,41.2,,,,2020-04-23T15:31:27Z,2016,2016-01-01,2016-12-31
22240901,RS_246,COUNTRY,SEN,YEAR,2016,ROADUSERTYPE,RS-DDC-4WHEELS,,,,,,,46.3,46.3,,,,2020-04-23T15:31:27Z,2016,2016-01-01,2016-12-31
22240902,RS_246,COUNTRY,SRB,YEAR,2016,ROADUSERTYPE,RS-DDC-4WHEELS,,,,,,,46.7,46.7,,,,2020-04-23T15:31:27Z,2016,2016-01-01,2016-12-31
22240903,RS_246,COUNTRY,SYC,YEAR,2016,ROADUSERTYPE,RS-DDC-4WHEELS,,,,,,,7.8,7.8,,,,2020-04-23T15:31:27Z,2016,2016-01-01,2016-12-31
22240904,RS_246,COUNTRY,SGP,YEAR,2016,ROADUSERTYPE,RS-DDC-4WHEELS,,,,,,,50.2,50.2,,,,2020-04-23T15:31:27Z,2016,2016-01-01,2016-12-31
22240905,RS_246,COUNTRY,SVK,YEAR,2016,ROADUSERTYPE,RS-DDC-4WHEELS,,,,,,,46.9,46.9,,,,2020-04-23T15:31:27Z,2016,2016-01-01,2016-12-31
22240906,RS_246,COUNTRY,SOM,YEAR,2016,ROADUSERTYPE,RS-DDC-4WHEELS,,,,,,,44.9,44.9,,,,2020-04-23T15:31:27Z,2016,2016-01-01,2016-12-31
22240907,RS_246,COUNTRY,SSD,YEAR,2016,ROADUSERTYPE,RS-DDC-4WHEELS,,,,,,,46.5,46.5,,,,2020-04-23T15:31:27Z,2016,2016-01-01,2016-12-31
22240908,RS_246,COUNTRY,ESP,YEAR,2016,ROADUSERTYPE,RS-DDC-4WHEELS,,,,,,,6.2,6.2,,,,2020-04-23T15:31:27Z,2016,2016-01-01,2016-12-31
22240909,RS_246,COUNTRY,SDN,YEAR,2016,ROADUSERTYPE,RS-DDC-4WHEELS,,,,,,,33.8,33.8,,,,2020-04-23T15:31:27Z,2016,2016-01-01,2016-12-31
22240910,RS_246,COUNTRY,SUR,YEAR,2016,ROADUSERTYPE,RS-DDC-4WHEELS,,,,,,,53.7,53.7,,,,2020-04-23T15:31:27Z,2016,2016-01-01,2016-12-31
22240911,RS_246,COUNTRY,SWZ,YEAR,2013,ROADUSERTYPE,RS-DDC-4WHEELS,,,,,,,62.4,62.4,,,,2020-04-23T15:31:27Z,2013,2013-01-01,2013-12-31
22240912,RS_246,COUNTRY,SWE,YEAR,2016,ROADUSERTYPE,RS-DDC-4WHEELS,,,,,,,34.7,34.7,,,,2020-04-23T15:31:27Z,2016,2016-01-01,2016-12-31
22240913,RS_246,COUNTRY,CHE,YEAR,2016,ROADUSERTYPE,RS-DDC-4WHEELS,,,,,,,18.8,18.8,,,,2020-04-23T15:31:27Z,2016,2016-01-01,2016-12-31
22240914,RS_246,COUNTRY,SYR,YEAR,2016,ROADUSERTYPE,RS-DDC-4WHEELS,,,,,,,57.4h,,,,,2020-04-23T15:31:27Z,2016,2016-01-01,2016-12-31
22240915,RS_246,COUNTRY,TJK,YEAR,2016,ROADUSERTYPE,RS-DDC-4WHEELS,,,,,,,12.3,12.3,,,,2020-04-23T15:31:27Z,2016,2016-01-01,2016-12-31
22240916,RS_246,COUNTRY,THA,YEAR,2016,ROADUSERTYPE,RS-DDC-4WHEELS,,,,,,,46.6,46.6,,,,2020-04-23T15:31:27Z,2016,2016-01-01,2016-12-31
22240917,RS_246,COUNTRY,TLS,YEAR,2016,ROADUSERTYPE,RS-DDC-4WHEELS,,,,,,,17.3,17.3,,,,2020-04-23T15:31:27Z,2016,2016-01-01,2016-12-31
22240918,RS_246,COUNTRY,TGO,YEAR,2016,ROADUSERTYPE,RS-DDC-4WHEELS,,,,,,,66.7,66.7,,,,2020-04-23T15:31:27Z,2016,2016-01-01,2016-12-31
22240919,RS_246,COUNTRY,TON,YEAR,2016,ROADUSERTYPE,RS-DDC-4WHEELS,,,,,,,57.8,57.8,,,,2020-04-23T15:31:28Z,2016,2016-01-01,2016-12-31
22240920,RS_246,COUNTRY,TTO,YEAR,2016,ROADUSERTYPE,RS-DDC-4WHEELS,,,,,,,49.3h,,,,,2020-04-23T15:31:28Z,2016,2016-01-01,2016-12-31
22240921,RS_246,COUNTRY,TUN,YEAR,2016,ROADUSERTYPE,RS-DDC-4WHEELS,,,,,,,21.7,21.7,,,,2020-04-23T15:31:28Z,2016,2016-01-01,2016-12-31
22240922,RS_246,COUNTRY,TKM,YEAR,2016,ROADUSERTYPE,RS-DDC-4WHEELS,,,,,,,21.3,21.3,,,,2020-04-23T15:31:28Z,2016,2016-01-01,2016-12-31
22240923,RS_246,COUNTRY,UGA,YEAR,2016,ROADUSERTYPE,RS-DDC-4WHEELS,,,,,,,34.0,34,,,,2020-04-23T15:31:28Z,2016,2016-01-01,2016-12-31
22240924,RS_246,COUNTRY,UKR,YEAR,2016,ROADUSERTYPE,RS-DDC-4WHEELS,,,,,,,54.5,54.5,,,,2020-04-23T15:31:28Z,2016,2016-01-01,2016-12-31
22240925,RS_246,COUNTRY,ARE,YEAR,2016,ROADUSERTYPE,RS-DDC-4WHEELS,,,,,,,46.2,46.2,,,,2020-04-23T15:31:28Z,2016,2016-01-01,2016-12-31
22240926,RS_246,COUNTRY,GBR,YEAR,2016,ROADUSERTYPE,RS-DDC-4WHEELS,,,,,,,38.5,38.5,,,,2020-04-23T15:31:28Z,2016,2016-01-01,2016-12-31
22240927,RS_246,COUNTRY,TZA,YEAR,2016,ROADUSERTYPE,RS-DDC-4WHEELS,,,,,,,63.9,63.9,,,,2020-04-23T15:31:28Z,2016,2016-01-01,2016-12-31
22240928,RS_246,COUNTRY,USA,YEAR,2016,ROADUSERTYPE,RS-DDC-4WHEELS,,,,,,,30.7,30.7,,,,2020-04-23T15:31:28Z,2016,2016-01-01,2016-12-31
22240929,RS_246,COUNTRY,VNM,YEAR,2016,ROADUSERTYPE,RS-DDC-4WHEELS,,,,,,,52.2,52.2,,,,2020-04-23T15:31:28Z,2016,2016-01-01,2016-12-31
22240930,RS_246,COUNTRY,PSE,YEAR,2016,ROADUSERTYPE,RS-DDC-4WHEELS,,,,,,,26.7,26.7,,,,2020-04-23T15:31:28Z,2016,2016-01-01,2016-12-31
22240931,RS_246,COUNTRY,ZMB,YEAR,2013,ROADUSERTYPE,RS-DDC-4WHEELS,,,,,,,48.4,48.4,,,,2020-04-23T15:31:28Z,2013,2013-01-01,2013-12-31
22240932,RS_246,COUNTRY,ALB,YEAR,2016,ROADUSERTYPE,RS-DDC-CYCLISTS,,,,,,,7.8,7.8,,,,2020-04-23T15:31:28Z,2016,2016-01-01,2016-12-31
22240933,RS_246,COUNTRY,ATG,YEAR,2016,ROADUSERTYPE,RS-DDC-CYCLISTS,,,,,,,12.5,12.5,,,,2020-04-23T15:31:28Z,2016,2016-01-01,2016-12-31
22240934,RS_246,COUNTRY,ARG,YEAR,2016,ROADUSERTYPE,RS-DDC-CYCLISTS,,,,,,,2.4,2.4,,,,2020-04-23T15:31:28Z,2016,2016-01-01,2016-12-31
22240935,RS_246,COUNTRY,ARM,YEAR,2016,ROADUSERTYPE,RS-DDC-CYCLISTS,,,,,,,0.4,0.4,,,,2020-04-23T15:31:28Z,2016,2016-01-01,2016-12-31
22240936,RS_246,COUNTRY,AUS,YEAR,2016,ROADUSERTYPE,RS-DDC-CYCLISTS,,,,,,,2.2,2.2,,,,2020-04-23T15:31:28Z,2016,2016-01-01,2016-12-31
22240937,RS_246,COUNTRY,AUT,YEAR,2016,ROADUSERTYPE,RS-DDC-CYCLISTS,,,,,,,11.1,11.1,,,,2020-04-23T15:31:28Z,2016,2016-01-01,2016-12-31
22240938,RS_246,COUNTRY,AZE,YEAR,2016,ROADUSERTYPE,RS-DDC-CYCLISTS,,,,,,,0.9,0.9,,,,2020-04-23T15:31:28Z,2016,2016-01-01,2016-12-31
22240939,RS_246,COUNTRY,BHS,YEAR,2013,ROADUSERTYPE,RS-DDC-CYCLISTS,,,,,,,3.8,3.8,,,,2020-04-23T15:31:28Z,2013,2013-01-01,2013-12-31
22240940,RS_246,COUNTRY,BHR,YEAR,2013,ROADUSERTYPE,RS-DDC-CYCLISTS,,,,,,,5.8,5.8,,,,2020-04-23T15:31:28Z,2013,2013-01-01,2013-12-31
22240941,RS_246,COUNTRY,BRB,YEAR,2016,ROADUSERTYPE,RS-DDC-CYCLISTS,,,,,,,0.0,0,,,,2020-04-23T15:31:28Z,2016,2016-01-01,2016-12-31
22240942,RS_246,COUNTRY,BLR,YEAR,2016,ROADUSERTYPE,RS-DDC-CYCLISTS,,,,,,,9.2,9.2,,,,2020-04-23T15:31:28Z,2016,2016-01-01,2016-12-31
22240943,RS_246,COUNTRY,BEL,YEAR,2016,ROADUSERTYPE,RS-DDC-CYCLISTS,,,,,,,11.1,11.1,,,,2020-04-23T15:31:28Z,2016,2016-01-01,2016-12-31
22240944,RS_246,COUNTRY,BLZ,YEAR,2016,ROADUSERTYPE,RS-DDC-CYCLISTS,,,,,,,11.9,11.9,,,,2020-04-23T15:31:28Z,2016,2016-01-01,2016-12-31
22240945,RS_246,COUNTRY,BEN,YEAR,2016,ROADUSERTYPE,RS-DDC-CYCLISTS,,,,,,,0.8,0.8,,,,2020-04-23T15:31:28Z,2016,2016-01-01,2016-12-31
22240946,RS_246,COUNTRY,BWA,YEAR,2016,ROADUSERTYPE,RS-DDC-CYCLISTS,,,,,,,2.0,2,,,,2020-04-23T15:31:28Z,2016,2016-01-01,2016-12-31
22240947,RS_246,COUNTRY,BRA,YEAR,2016,ROADUSERTYPE,RS-DDC-CYCLISTS,,,,,,,3.4,3.4,,,,2020-04-23T15:31:28Z,2016,2016-01-01,2016-12-31
22240948,RS_246,COUNTRY,BGR,YEAR,2016,ROADUSERTYPE,RS-DDC-CYCLISTS,,,,,,,4.9,4.9,,,,2020-04-23T15:31:28Z,2016,2016-01-01,2016-12-31
22240949,RS_246,COUNTRY,KHM,YEAR,2016,ROADUSERTYPE,RS-DDC-CYCLISTS,,,,,,,2.3,2.3,,,,2020-04-23T15:31:28Z,2016,2016-01-01,2016-12-31
22240950,RS_246,COUNTRY,CAN,YEAR,2016,ROADUSERTYPE,RS-DDC-CYCLISTS,,,,,,,2.5,2.5,,,,2020-04-23T15:31:28Z,2016,2016-01-01,2016-12-31
22240951,RS_246,COUNTRY,CHL,YEAR,2016,ROADUSERTYPE,RS-DDC-CYCLISTS,,,,,,,5.7,5.7,,,,2020-04-23T15:31:28Z,2016,2016-01-01,2016-12-31
22240952,RS_246,COUNTRY,COL,YEAR,2016,ROADUSERTYPE,RS-DDC-CYCLISTS,,,,,,,5.3,5.3,,,,2020-04-23T15:31:28Z,2016,2016-01-01,2016-12-31
22240953,RS_246,COUNTRY,COM,YEAR,2016,ROADUSERTYPE,RS-DDC-CYCLISTS,,,,,,,0.0,0,,,,2020-04-23T15:31:28Z,2016,2016-01-01,2016-12-31
22240954,RS_246,COUNTRY,COK,YEAR,2016,ROADUSERTYPE,RS-DDC-CYCLISTS,,,,,,,0.0,0,,,,2020-04-23T15:31:28Z,2016,2016-01-01,2016-12-31
22240955,RS_246,COUNTRY,CRI,YEAR,2016,ROADUSERTYPE,RS-DDC-CYCLISTS,,,,,,,10.4,10.4,,,,2020-04-23T15:31:28Z,2016,2016-01-01,2016-12-31
22240956,RS_246,COUNTRY,CIV,YEAR,2016,ROADUSERTYPE,RS-DDC-CYCLISTS,,,,,,,0.3,0.3,,,,2020-04-23T15:31:28Z,2016,2016-01-01,2016-12-31
22240957,RS_246,COUNTRY,HRV,YEAR,2016,ROADUSERTYPE,RS-DDC-CYCLISTS,,,,,,,8.8,8.8,,,,2020-04-23T15:31:28Z,2016,2016-01-01,2016-12-31
22240958,RS_246,COUNTRY,CUB,YEAR,2016,ROADUSERTYPE,RS-DDC-CYCLISTS,,,,,,,9.9,9.9,,,,2020-04-23T15:31:28Z,2016,2016-01-01,2016-12-31
22240959,RS_246,COUNTRY,CYP,YEAR,2016,ROADUSERTYPE,RS-DDC-CYCLISTS,,,,,,,4.3,4.3,,,,2020-04-23T15:31:29Z,2016,2016-01-01,2016-12-31
22240960,RS_246,COUNTRY,CZE,YEAR,2016,ROADUSERTYPE,RS-DDC-CYCLISTS,,,,,,,8.7,8.7,,,,2020-04-23T15:31:29Z,2016,2016-01-01,2016-12-31
22240961,RS_246,COUNTRY,COD,YEAR,2016,ROADUSERTYPE,RS-DDC-CYCLISTS,,,,,,,0.0,0,,,,2020-04-23T15:31:29Z,2016,2016-01-01,2016-12-31
22240962,RS_246,COUNTRY,DNK,YEAR,2016,ROADUSERTYPE,RS-DDC-CYCLISTS,,,,,,,14.7,14.7,,,,2020-04-23T15:31:29Z,2016,2016-01-01,2016-12-31
22240963,RS_246,COUNTRY,DMA,YEAR,2016,ROADUSERTYPE,RS-DDC-CYCLISTS,,,,,,,60.0,60,,,,2020-04-23T15:31:29Z,2016,2016-01-01,2016-12-31
22240964,RS_246,COUNTRY,DOM,YEAR,2016,ROADUSERTYPE,RS-DDC-CYCLISTS,,,,,,,1.0,1,,,,2020-04-23T15:31:29Z,2016,2016-01-01,2016-12-31
22240965,RS_246,COUNTRY,ECU,YEAR,2016,ROADUSERTYPE,RS-DDC-CYCLISTS,,,,,,,1.8,1.8,,,,2020-04-23T15:31:29Z,2016,2016-01-01,2016-12-31
22240966,RS_246,COUNTRY,EGY,YEAR,2016,ROADUSERTYPE,RS-DDC-CYCLISTS,,,,,,,1.2,1.2,,,,2020-04-23T15:31:29Z,2016,2016-01-01,2016-12-31
22240967,RS_246,COUNTRY,SLV,YEAR,2016,ROADUSERTYPE,RS-DDC-CYCLISTS,,,,,,,1.4,1.4,,,,2020-04-23T15:31:29Z,2016,2016-01-01,2016-12-31
22240968,RS_246,COUNTRY,ERI,YEAR,2016,ROADUSERTYPE,RS-DDC-CYCLISTS,,,,,,,9.2,9.2,,,,2020-04-23T15:31:29Z,2016,2016-01-01,2016-12-31
22240969,RS_246,COUNTRY,EST,YEAR,2016,ROADUSERTYPE,RS-DDC-CYCLISTS,,,,,,,7.0,7,,,,2020-04-23T15:31:29Z,2016,2016-01-01,2016-12-31
22240970,RS_246,COUNTRY,SWZ,YEAR,2016,ROADUSERTYPE,RS-DDC-CYCLISTS,,,,,,,2.0,2,,,,2020-04-23T15:31:29Z,2016,2016-01-01,2016-12-31
22240971,RS_246,COUNTRY,FIN,YEAR,2016,ROADUSERTYPE,RS-DDC-CYCLISTS,,,,,,,9.5,9.5,,,,2020-04-23T15:31:29Z,2016,2016-01-01,2016-12-31
22240972,RS_246,COUNTRY,FRA,YEAR,2016,ROADUSERTYPE,RS-DDC-CYCLISTS,,,,,,,4.7,4.7,,,,2020-04-23T15:31:29Z,2016,2016-01-01,2016-12-31
22240973,RS_246,COUNTRY,GEO,YEAR,2016,ROADUSERTYPE,RS-DDC-CYCLISTS,,,,,,,0.7,0.7,,,,2020-04-23T15:31:29Z,2016,2016-01-01,2016-12-31
22240974,RS_246,COUNTRY,DEU,YEAR,2016,ROADUSERTYPE,RS-DDC-CYCLISTS,,,,,,,12.3,12.3,,,,2020-04-23T15:31:29Z,2016,2016-01-01,2016-12-31
22240975,RS_246,COUNTRY,GHA,YEAR,2016,ROADUSERTYPE,RS-DDC-CYCLISTS,,,,,,,3.3,3.3,,,,2020-04-23T15:31:29Z,2016,2016-01-01,2016-12-31
22240976,RS_246,COUNTRY,GRC,YEAR,2016,ROADUSERTYPE,RS-DDC-CYCLISTS,,,,,,,2.2,2.2,,,,2020-04-23T15:31:29Z,2016,2016-01-01,2016-12-31
22240977,RS_246,COUNTRY,GTM,YEAR,2016,ROADUSERTYPE,RS-DDC-CYCLISTS,,,,,,,0.4,0.4,,,,2020-04-23T15:31:29Z,2016,2016-01-01,2016-12-31
22240978,RS_246,COUNTRY,GUY,YEAR,2016,ROADUSERTYPE,RS-DDC-CYCLISTS,,,,,,,12.5,12.5,,,,2020-04-23T15:31:29Z,2016,2016-01-01,2016-12-31
22240979,RS_246,COUNTRY,HND,YEAR,2016,ROADUSERTYPE,RS-DDC-CYCLISTS,,,,,,,4.1,4.1,,,,2020-04-23T15:31:29Z,2016,2016-01-01,2016-12-31
22240980,RS_246,COUNTRY,HUN,YEAR,2016,ROADUSERTYPE,RS-DDC-CYCLISTS,,,,,,,12.0,12,,,,2020-04-23T15:31:29Z,2016,2016-01-01,2016-12-31
22240981,RS_246,COUNTRY,ISL,YEAR,2016,ROADUSERTYPE,RS-DDC-CYCLISTS,,,,,,,0.0,0,,,,2020-04-23T15:31:29Z,2016,2016-01-01,2016-12-31
22240982,RS_246,COUNTRY,IND,YEAR,2016,ROADUSERTYPE,RS-DDC-CYCLISTS,,,,,,,1.7,1.7,,,,2020-04-23T15:31:29Z,2016,2016-01-01,2016-12-31
22240983,RS_246,COUNTRY,IDN,YEAR,2016,ROADUSERTYPE,RS-DDC-CYCLISTS,,,,,,,3.2,3.2,,,,2020-04-23T15:31:29Z,2016,2016-01-01,2016-12-31
22240984,RS_246,COUNTRY,IRN,YEAR,2016,ROADUSERTYPE,RS-DDC-CYCLISTS,,,,,,,0.6,0.6,,,,2020-04-23T15:31:29Z,2016,2016-01-01,2016-12-31
22240985,RS_246,COUNTRY,IRL,YEAR,2016,ROADUSERTYPE,RS-DDC-CYCLISTS,,,,,,,5.3,5.3,,,,2020-04-23T15:31:29Z,2016,2016-01-01,2016-12-31
22240986,RS_246,COUNTRY,ISR,YEAR,2016,ROADUSERTYPE,RS-DDC-CYCLISTS,,,,,,,2.7,2.7,,,,2020-04-23T15:31:29Z,2016,2016-01-01,2016-12-31
22240987,RS_246,COUNTRY,ITA,YEAR,2016,ROADUSERTYPE,RS-DDC-CYCLISTS,,,,,,,7.3,7.3,,,,2020-04-23T15:31:29Z,2016,2016-01-01,2016-12-31
22240988,RS_246,COUNTRY,JAM,YEAR,2016,ROADUSERTYPE,RS-DDC-CYCLISTS,,,,,,,8.4,8.4,,,,2020-04-23T15:31:29Z,2016,2016-01-01,2016-12-31
22240989,RS_246,COUNTRY,JPN,YEAR,2016,ROADUSERTYPE,RS-DDC-CYCLISTS,,,,,,,15.1,15.1,,,,2020-04-23T15:31:29Z,2016,2016-01-01,2016-12-31
22240990,RS_246,COUNTRY,JOR,YEAR,2016,ROADUSERTYPE,RS-DDC-CYCLISTS,,,,,,,0.0,0,,,,2020-04-23T15:31:29Z,2016,2016-01-01,2016-12-31
22240991,RS_246,COUNTRY,KAZ,YEAR,2016,ROADUSERTYPE,RS-DDC-CYCLISTS,,,,,,,1.7,1.7,,,,2020-04-23T15:31:29Z,2016,2016-01-01,2016-12-31
22240992,RS_246,COUNTRY,KEN,YEAR,2016,ROADUSERTYPE,RS-DDC-CYCLISTS,,,,,,,2.4,2.4,,,,2020-04-23T15:31:29Z,2016,2016-01-01,2016-12-31
22240993,RS_246,COUNTRY,KIR,YEAR,2016,ROADUSERTYPE,RS-DDC-CYCLISTS,,,,,,,0.0,0,,,,2020-04-23T15:31:29Z,2016,2016-01-01,2016-12-31
22240994,RS_246,COUNTRY,KGZ,YEAR,2016,ROADUSERTYPE,RS-DDC-CYCLISTS,,,,,,,0.2,0.2,,,,2020-04-23T15:31:29Z,2016,2016-01-01,2016-12-31
22240995,RS_246,COUNTRY,LVA,YEAR,2016,ROADUSERTYPE,RS-DDC-CYCLISTS,,,,,,,4.4,4.4,,,,2020-04-23T15:31:29Z,2016,2016-01-01,2016-12-31
22240996,RS_246,COUNTRY,LBY,YEAR,2016,ROADUSERTYPE,RS-DDC-CYCLISTS,,,,,,,2.3,2.3,,,,2020-04-23T15:31:30Z,2016,2016-01-01,2016-12-31
22240997,RS_246,COUNTRY,LTU,YEAR,2016,ROADUSERTYPE,RS-DDC-CYCLISTS,,,,,,,8.9,8.9,,,,2020-04-23T15:31:30Z,2016,2016-01-01,2016-12-31
22240998,RS_246,COUNTRY,LUX,YEAR,2016,ROADUSERTYPE,RS-DDC-CYCLISTS,,,,,,,3.1,3.1,,,,2020-04-23T15:31:30Z,2016,2016-01-01,2016-12-31
22240999,RS_246,COUNTRY,MWI,YEAR,2016,ROADUSERTYPE,RS-DDC-CYCLISTS,,,,,,,16.0,16,,,,2020-04-23T15:31:30Z,2016,2016-01-01,2016-12-31
22241000,RS_246,COUNTRY,MDV,YEAR,2016,ROADUSERTYPE,RS-DDC-CYCLISTS,,,,,,,0.0,0,,,,2020-04-23T15:31:30Z,2016,2016-01-01,2016-12-31
22241001,RS_246,COUNTRY,MLI,YEAR,2016,ROADUSERTYPE,RS-DDC-CYCLISTS,,,,,,,2.4,2.4,,,,2020-04-23T15:31:30Z,2016,2016-01-01,2016-12-31
22241002,RS_246,COUNTRY,MLT,YEAR,2016,ROADUSERTYPE,RS-DDC-CYCLISTS,,,,,,,4.5,4.5,,,,2020-04-23T15:31:30Z,2016,2016-01-01,2016-12-31
22241003,RS_246,COUNTRY,MUS,YEAR,2016,ROADUSERTYPE,RS-DDC-CYCLISTS,,,,,,,6.9,6.9,,,,2020-04-23T15:31:30Z,2016,2016-01-01,2016-12-31
22241004,RS_246,COUNTRY,MEX,YEAR,2016,ROADUSERTYPE,RS-DDC-CYCLISTS,,,,,,,1.1,1.1,,,,2020-04-23T15:31:30Z,2016,2016-01-01,2016-12-31
22241005,RS_246,COUNTRY,FSM,YEAR,2016,ROADUSERTYPE,RS-DDC-CYCLISTS,,,,,,,0.0,0,,,,2020-04-23T15:31:30Z,2016,2016-01-01,2016-12-31
22241006,RS_246,COUNTRY,MNG,YEAR,2016,ROADUSERTYPE,RS-DDC-CYCLISTS,,,,,,,1.2,1.2,,,,2020-04-23T15:31:30Z,2016,2016-01-01,2016-12-31
22241007,RS_246,COUNTRY,MNE,YEAR,2016,ROADUSERTYPE,RS-DDC-CYCLISTS,,,,,,,1.5,1.5,,,,2020-04-23T15:31:30Z,2016,2016-01-01,2016-12-31
22241008,RS_246,COUNTRY,MAR,YEAR,2016,ROADUSERTYPE,RS-DDC-CYCLISTS,,,,,,,5.9,5.9,,,,2020-04-23T15:31:30Z,2016,2016-01-01,2016-12-31
22241009,RS_246,COUNTRY,MMR,YEAR,2016,ROADUSERTYPE,RS-DDC-CYCLISTS,,,,,,,3.1,3.1,,,,2020-04-23T15:31:30Z,2016,2016-01-01,2016-12-31
22241010,RS_246,COUNTRY,NLD,YEAR,2016,ROADUSERTYPE,RS-DDC-CYCLISTS,,,,,,,29.8,29.8,,,,2020-04-23T15:31:30Z,2016,2016-01-01,2016-12-31
22241011,RS_246,COUNTRY,NZL,YEAR,2016,ROADUSERTYPE,RS-DDC-CYCLISTS,,,,,,,1.5,1.5,,,,2020-04-23T15:31:30Z,2016,2016-01-01,2016-12-31
22241012,RS_246,COUNTRY,NIC,YEAR,2013,ROADUSERTYPE,RS-DDC-CYCLISTS,,,,,,,5.5,5.5,,,,2020-04-23T15:31:30Z,2013,2013-01-01,2013-12-31
22241013,RS_246,COUNTRY,NOR,YEAR,2016,ROADUSERTYPE,RS-DDC-CYCLISTS,,,,,,,8.9,8.9,,,,2020-04-23T15:31:30Z,2016,2016-01-01,2016-12-31
22241014,RS_246,COUNTRY,OMN,YEAR,2016,ROADUSERTYPE,RS-DDC-CYCLISTS,,,,,,,0.7,0.7,,,,2020-04-23T15:31:30Z,2016,2016-01-01,2016-12-31
22241015,RS_246,COUNTRY,PAN,YEAR,2016,ROADUSERTYPE,RS-DDC-CYCLISTS,,,,,,,5.7,5.7,,,,2020-04-23T15:31:30Z,2016,2016-01-01,2016-12-31
22241016,RS_246,COUNTRY,PRY,YEAR,2016,ROADUSERTYPE,RS-DDC-CYCLISTS,,,,,,,0.2,0.2,,,,2020-04-23T15:31:30Z,2016,2016-01-01,2016-12-31
22241017,RS_246,COUNTRY,PER,YEAR,2016,ROADUSERTYPE,RS-DDC-CYCLISTS,,,,,,,0.2,0.2,,,,2020-04-23T15:31:30Z,2016,2016-01-01,2016-12-31
22241018,RS_246,COUNTRY,PHL,YEAR,2016,ROADUSERTYPE,RS-DDC-CYCLISTS,,,,,,,0.1,0.1,,,,2020-04-23T15:31:30Z,2016,2016-01-01,2016-12-31
22241019,RS_246,COUNTRY,POL,YEAR,2016,ROADUSERTYPE,RS-DDC-CYCLISTS,,,,,,,9.0,9,,,,2020-04-23T15:31:30Z,2016,2016-01-01,2016-12-31
22241020,RS_246,COUNTRY,PRT,YEAR,2016,ROADUSERTYPE,RS-DDC-CYCLISTS,,,,,,,5.9,5.9,,,,2020-04-23T15:31:30Z,2016,2016-01-01,2016-12-31
22241021,RS_246,COUNTRY,QAT,YEAR,2016,ROADUSERTYPE,RS-DDC-CYCLISTS,,,,,,,2.8,2.8,,,,2020-04-23T15:31:30Z,2016,2016-01-01,2016-12-31
22241022,RS_246,COUNTRY,KOR,YEAR,2016,ROADUSERTYPE,RS-DDC-CYCLISTS,,,,,,,5.9,5.9,,,,2020-04-23T15:31:30Z,2016,2016-01-01,2016-12-31
22241023,RS_246,COUNTRY,MDA,YEAR,2016,ROADUSERTYPE,RS-DDC-CYCLISTS,,,,,,,1.4,1.4,,,,2020-04-23T15:31:30Z,2016,2016-01-01,2016-12-31
22241024,RS_246,COUNTRY,ROU,YEAR,2016,ROADUSERTYPE,RS-DDC-CYCLISTS,,,,,,,9.0,9,,,,2020-04-23T15:31:30Z,2016,2016-01-01,2016-12-31
22241025,RS_246,COUNTRY,RUS,YEAR,2016,ROADUSERTYPE,RS-DDC-CYCLISTS,,,,,,,2.0,2,,,,2020-04-23T15:31:30Z,2016,2016-01-01,2016-12-31
22241026,RS_246,COUNTRY,LCA,YEAR,2016,ROADUSERTYPE,RS-DDC-CYCLISTS,,,,,,,13.3,13.3,,,,2020-04-23T15:31:30Z,2016,2016-01-01,2016-12-31
22241027,RS_246,COUNTRY,WSM,YEAR,2016,ROADUSERTYPE,RS-DDC-CYCLISTS,,,,,,,5.9,5.9,,,,2020-04-23T15:31:30Z,2016,2016-01-01,2016-12-31
22241028,RS_246,COUNTRY,SRB,YEAR,2016,ROADUSERTYPE,RS-DDC-CYCLISTS,,,,,,,9.4,9.4,,,,2020-04-23T15:31:30Z,2016,2016-01-01,2016-12-31
22241029,RS_246,COUNTRY,SYC,YEAR,2016,ROADUSERTYPE,RS-DDC-CYCLISTS,,,,,,,6.7,6.7,,,,2020-04-23T15:31:30Z,2016,2016-01-01,2016-12-31
22241030,RS_246,COUNTRY,SGP,YEAR,2016,ROADUSERTYPE,RS-DDC-CYCLISTS,,,,,,,14.2,14.2,,,,2020-04-23T15:31:30Z,2016,2016-01-01,2016-12-31
22241031,RS_246,COUNTRY,SVK,YEAR,2016,ROADUSERTYPE,RS-DDC-CYCLISTS,,,,,,,7.6,7.6,,,,2020-04-23T15:31:31Z,2016,2016-01-01,2016-12-31
22241032,RS_246,COUNTRY,SVN,YEAR,2016,ROADUSERTYPE,RS-DDC-CYCLISTS,,,,,,,10.0,10,,,,2020-04-23T15:31:31Z,2016,2016-01-01,2016-12-31
22241033,RS_246,COUNTRY,ZAF,YEAR,2016,ROADUSERTYPE,RS-DDC-CYCLISTS,,,,,,,3.2,3.2,,,,2020-04-23T15:31:31Z,2016,2016-01-01,2016-12-31
22241034,RS_246,COUNTRY,ESP,YEAR,2016,ROADUSERTYPE,RS-DDC-CYCLISTS,,,,,,,3.7,3.7,,,,2020-04-23T15:31:31Z,2016,2016-01-01,2016-12-31
22241035,RS_246,COUNTRY,LKA,YEAR,2016,ROADUSERTYPE,RS-DDC-CYCLISTS,,,,,,,8.1,8.1,,,,2020-04-23T15:31:31Z,2016,2016-01-01,2016-12-31
22241036,RS_246,COUNTRY,SUR,YEAR,2016,ROADUSERTYPE,RS-DDC-CYCLISTS,,,,,,,4.1,4.1,,,,2020-04-23T15:31:31Z,2016,2016-01-01,2016-12-31
22241037,RS_246,COUNTRY,SWZ,YEAR,2013,ROADUSERTYPE,RS-DDC-CYCLISTS,,,,,,,2.0,2,,,,2020-04-23T15:31:31Z,2013,2013-01-01,2013-12-31
22241038,RS_246,COUNTRY,SWE,YEAR,2016,ROADUSERTYPE,RS-DDC-CYCLISTS,,,,,,,8.1,8.1,,,,2020-04-23T15:31:31Z,2016,2016-01-01,2016-12-31
22241039,RS_246,COUNTRY,CHE,YEAR,2016,ROADUSERTYPE,RS-DDC-CYCLISTS,,,,,,,15.3,15.3,,,,2020-04-23T15:31:31Z,2016,2016-01-01,2016-12-31
22241040,RS_246,COUNTRY,SYR,YEAR,2016,ROADUSERTYPE,RS-DDC-CYCLISTS,,,,,,,5.9,5.9,,,,2020-04-23T15:31:31Z,2016,2016-01-01,2016-12-31
22241041,RS_246,COUNTRY,TJK,YEAR,2016,ROADUSERTYPE,RS-DDC-CYCLISTS,,,,,,,2.3,2.3,,,,2020-04-23T15:31:31Z,2016,2016-01-01,2016-12-31
22241042,RS_246,COUNTRY,THA,YEAR,2016,ROADUSERTYPE,RS-DDC-CYCLISTS,,,,,,,3.5,3.5,,,,2020-04-23T15:31:31Z,2016,2016-01-01,2016-12-31
22241043,RS_246,COUNTRY,MKD,YEAR,2016,ROADUSERTYPE,RS-DDC-CYCLISTS,,,,,,,6.1,6.1,,,,2020-04-23T15:31:31Z,2016,2016-01-01,2016-12-31
22241044,RS_246,COUNTRY,TON,YEAR,2016,ROADUSERTYPE,RS-DDC-CYCLISTS,,,,,,,0.0,0,,,,2020-04-23T15:31:31Z,2016,2016-01-01,2016-12-31
22241045,RS_246,COUNTRY,TTO,YEAR,2016,ROADUSERTYPE,RS-DDC-CYCLISTS,,,,,,,0.7,0.7,,,,2020-04-23T15:31:31Z,2016,2016-01-01,2016-12-31
22241046,RS_246,COUNTRY,TUN,YEAR,2016,ROADUSERTYPE,RS-DDC-CYCLISTS,,,,,,,2.5,2.5,,,,2020-04-23T15:31:31Z,2016,2016-01-01,2016-12-31
22241047,RS_246,COUNTRY,TUR,YEAR,2016,ROADUSERTYPE,RS-DDC-CYCLISTS,,,,,,,1.9,1.9,,,,2020-04-23T15:31:31Z,2016,2016-01-01,2016-12-31
22241048,RS_246,COUNTRY,UGA,YEAR,2016,ROADUSERTYPE,RS-DDC-CYCLISTS,,,,,,,5.8,5.8,,,,2020-04-23T15:31:31Z,2016,2016-01-01,2016-12-31
22241049,RS_246,COUNTRY,UKR,YEAR,2016,ROADUSERTYPE,RS-DDC-CYCLISTS,,,,,,,7.1,7.1,,,,2020-04-23T15:31:31Z,2016,2016-01-01,2016-12-31
22241050,RS_246,COUNTRY,ARE,YEAR,2016,ROADUSERTYPE,RS-DDC-CYCLISTS,,,,,,,1.5,1.5,,,,2020-04-23T15:31:31Z,2016,2016-01-01,2016-12-31
22241051,RS_246,COUNTRY,GBR,YEAR,2016,ROADUSERTYPE,RS-DDC-CYCLISTS,,,,,,,5.5,5.5,,,,2020-04-23T15:31:31Z,2016,2016-01-01,2016-12-31
22241052,RS_246,COUNTRY,TZA,YEAR,2016,ROADUSERTYPE,RS-DDC-CYCLISTS,,,,,,,8.0,8,,,,2020-04-23T15:31:31Z,2016,2016-01-01,2016-12-31
22241053,RS_246,COUNTRY,USA,YEAR,2016,ROADUSERTYPE,RS-DDC-CYCLISTS,,,,,,,2.3,2.3,,,,2020-04-23T15:31:31Z,2016,2016-01-01,2016-12-31
22241054,RS_246,COUNTRY,URY,YEAR,2016,ROADUSERTYPE,RS-DDC-CYCLISTS,,,,,,,7.0,7,,,,2020-04-23T15:31:31Z,2016,2016-01-01,2016-12-31
22241055,RS_246,COUNTRY,PSE,YEAR,2016,ROADUSERTYPE,RS-DDC-CYCLISTS,,,,,,,1.9,1.9,,,,2020-04-23T15:31:31Z,2016,2016-01-01,2016-12-31
22241056,RS_246,COUNTRY,ZMB,YEAR,2013,ROADUSERTYPE,RS-DDC-CYCLISTS,,,,,,,11.6,11.6,,,,2020-04-23T15:31:31Z,2013,2013-01-01,2013-12-31
22241057,RS_246,COUNTRY,ZWE,YEAR,2016,ROADUSERTYPE,RS-DDC-CYCLISTS,,,,,,,12.2,12.2,,,,2020-04-23T15:31:31Z,2016,2016-01-01,2016-12-31
22241058,RS_246,COUNTRY,ALB,YEAR,2016,ROADUSERTYPE,RS-DDC-OTHER,,,,,,,2.2,2.2,,,,2020-04-23T15:31:31Z,2016,2016-01-01,2016-12-31
22241059,RS_246,COUNTRY,AGO,YEAR,2016,ROADUSERTYPE,RS-DDC-OTHER,,,,,,,0.0,0,,,,2020-04-23T15:31:31Z,2016,2016-01-01,2016-12-31
22241060,RS_246,COUNTRY,ATG,YEAR,2016,ROADUSERTYPE,RS-DDC-OTHER,,,,,,,0.0,0,,,,2020-04-23T15:31:31Z,2016,2016-01-01,2016-12-31
22241061,RS_246,COUNTRY,ARG,YEAR,2016,ROADUSERTYPE,RS-DDC-OTHER,,,,,,,20.0,20,,,,2020-04-23T15:31:32Z,2016,2016-01-01,2016-12-31
22241062,RS_246,COUNTRY,ARM,YEAR,2016,ROADUSERTYPE,RS-DDC-OTHER,,,,,,,3.7,3.7,,,,2020-04-23T15:31:32Z,2016,2016-01-01,2016-12-31
22241063,RS_246,COUNTRY,AUS,YEAR,2016,ROADUSERTYPE,RS-DDC-OTHER,,,,,,,3.5,3.5,,,,2020-04-23T15:31:32Z,2016,2016-01-01,2016-12-31
22241064,RS_246,COUNTRY,AUT,YEAR,2016,ROADUSERTYPE,RS-DDC-OTHER,,,,,,,6.3,6.3,,,,2020-04-23T15:31:32Z,2016,2016-01-01,2016-12-31
22241065,RS_246,COUNTRY,AZE,YEAR,2016,ROADUSERTYPE,RS-DDC-OTHER,,,,,,,4.3,4.3,,,,2020-04-23T15:31:32Z,2016,2016-01-01,2016-12-31
22241066,RS_246,COUNTRY,BRB,YEAR,2016,ROADUSERTYPE,RS-DDC-OTHER,,,,,,,11.1,11.1,,,,2020-04-23T15:31:32Z,2016,2016-01-01,2016-12-31
22241067,RS_246,COUNTRY,BLR,YEAR,2016,ROADUSERTYPE,RS-DDC-OTHER,,,,,,,1.0,1,,,,2020-04-23T15:31:32Z,2016,2016-01-01,2016-12-31
22241068,RS_246,COUNTRY,BEL,YEAR,2016,ROADUSERTYPE,RS-DDC-OTHER,,,,,,,5.0,5,,,,2020-04-23T15:31:32Z,2016,2016-01-01,2016-12-31
22241069,RS_246,COUNTRY,BLZ,YEAR,2016,ROADUSERTYPE,RS-DDC-OTHER,,,,,,,24.8,24.8,,,,2020-04-23T15:31:32Z,2016,2016-01-01,2016-12-31
22241070,RS_246,COUNTRY,BEN,YEAR,2016,ROADUSERTYPE,RS-DDC-OTHER,,,,,,,9.1,9.1,,,,2020-04-23T15:31:32Z,2016,2016-01-01,2016-12-31
22241071,RS_246,COUNTRY,BOL,YEAR,2016,ROADUSERTYPE,RS-DDC-OTHER,,,,,,,17.1,17.1,,,,2020-04-23T15:31:32Z,2016,2016-01-01,2016-12-31
22241072,RS_246,COUNTRY,BWA,YEAR,2016,ROADUSERTYPE,RS-DDC-OTHER,,,,,,,10.2,10.2,,,,2020-04-23T15:31:32Z,2016,2016-01-01,2016-12-31
22241073,RS_246,COUNTRY,BRA,YEAR,2016,ROADUSERTYPE,RS-DDC-OTHER,,,,,,,24.0,24,,,,2020-04-23T15:31:32Z,2016,2016-01-01,2016-12-31
22241074,RS_246,COUNTRY,BGR,YEAR,2016,ROADUSERTYPE,RS-DDC-OTHER,,,,,,,6.8,6.8,,,,2020-04-23T15:31:32Z,2016,2016-01-01,2016-12-31
22241075,RS_246,COUNTRY,KHM,YEAR,2016,ROADUSERTYPE,RS-DDC-OTHER,,,,,,,8.4,8.4,,,,2020-04-23T15:31:32Z,2016,2016-01-01,2016-12-31
22241076,RS_246,COUNTRY,CAN,YEAR,2016,ROADUSERTYPE,RS-DDC-OTHER,,,,,,,7.2,7.2,,,,2020-04-23T15:31:32Z,2016,2016-01-01,2016-12-31
22241077,RS_246,COUNTRY,CHL,YEAR,2016,ROADUSERTYPE,RS-DDC-OTHER,,,,,,,7.7,7.7,,,,2020-04-23T15:31:32Z,2016,2016-01-01,2016-12-31
22241078,RS_246,COUNTRY,COL,YEAR,2016,ROADUSERTYPE,RS-DDC-OTHER,,,,,,,7.8,7.8,,,,2020-04-23T15:31:32Z,2016,2016-01-01,2016-12-31
22241079,RS_246,COUNTRY,COM,YEAR,2016,ROADUSERTYPE,RS-DDC-OTHER,,,,,,,0.0,0,,,,2020-04-23T15:31:32Z,2016,2016-01-01,2016-12-31
22241080,RS_246,COUNTRY,COK,YEAR,2016,ROADUSERTYPE,RS-DDC-OTHER,,,,,,,0.0,0,,,,2020-04-23T15:31:32Z,2016,2016-01-01,2016-12-31
22241081,RS_246,COUNTRY,CRI,YEAR,2016,ROADUSERTYPE,RS-DDC-OTHER,,,,,,,0.9,0.9,,,,2020-04-23T15:31:32Z,2016,2016-01-01,2016-12-31
22241082,RS_246,COUNTRY,CIV,YEAR,2016,ROADUSERTYPE,RS-DDC-OTHER,,,,,,,13.4,13.4,,,,2020-04-23T15:31:32Z,2016,2016-01-01,2016-12-31
22241083,RS_246,COUNTRY,HRV,YEAR,2016,ROADUSERTYPE,RS-DDC-OTHER,,,,,,,5.2,5.2,,,,2020-04-23T15:31:32Z,2016,2016-01-01,2016-12-31
22241084,RS_246,COUNTRY,CUB,YEAR,2016,ROADUSERTYPE,RS-DDC-OTHER,,,,,,,31.2,31.2,,,,2020-04-23T15:31:32Z,2016,2016-01-01,2016-12-31
22241085,RS_246,COUNTRY,CYP,YEAR,2016,ROADUSERTYPE,RS-DDC-OTHER,,,,,,,8.7,8.7,,,,2020-04-23T15:31:32Z,2016,2016-01-01,2016-12-31
22241086,RS_246,COUNTRY,CZE,YEAR,2016,ROADUSERTYPE,RS-DDC-OTHER,,,,,,,6.1,6.1,,,,2020-04-23T15:31:32Z,2016,2016-01-01,2016-12-31
22241087,RS_246,COUNTRY,COD,YEAR,2016,ROADUSERTYPE,RS-DDC-OTHER,,,,,,,0.3,0.3,,,,2020-04-23T15:31:32Z,2016,2016-01-01,2016-12-31
22241088,RS_246,COUNTRY,DNK,YEAR,2016,ROADUSERTYPE,RS-DDC-OTHER,,,,,,,3.8,3.8,,,,2020-04-23T15:31:32Z,2016,2016-01-01,2016-12-31
22241089,RS_246,COUNTRY,DMA,YEAR,2016,ROADUSERTYPE,RS-DDC-OTHER,,,,,,,20.0,20,,,,2020-04-23T15:31:32Z,2016,2016-01-01,2016-12-31
22241090,RS_246,COUNTRY,DOM,YEAR,2016,ROADUSERTYPE,RS-DDC-OTHER,,,,,,,4.0,4,,,,2020-04-23T15:31:32Z,2016,2016-01-01,2016-12-31
22241091,RS_246,COUNTRY,ECU,YEAR,2016,ROADUSERTYPE,RS-DDC-OTHER,,,,,,,54.0,54,,,,2020-04-23T15:31:32Z,2016,2016-01-01,2016-12-31
22241092,RS_246,COUNTRY,EGY,YEAR,2016,ROADUSERTYPE,RS-DDC-OTHER,,,,,,,21.2,21.2,,,,2020-04-23T15:31:32Z,2016,2016-01-01,2016-12-31
22241093,RS_246,COUNTRY,SLV,YEAR,2016,ROADUSERTYPE,RS-DDC-OTHER,,,,,,,3.3,3.3,,,,2020-04-23T15:31:32Z,2016,2016-01-01,2016-12-31
22241094,RS_246,COUNTRY,ERI,YEAR,2016,ROADUSERTYPE,RS-DDC-OTHER,,,,,,,27.7,27.7,,,,2020-04-23T15:31:32Z,2016,2016-01-01,2016-12-31
22241095,RS_246,COUNTRY,EST,YEAR,2016,ROADUSERTYPE,RS-DDC-OTHER,,,,,,,8.5,8.5,,,,2020-04-23T15:31:32Z,2016,2016-01-01,2016-12-31
22241096,RS_246,COUNTRY,SWZ,YEAR,2016,ROADUSERTYPE,RS-DDC-OTHER,,,,,,,0.0,0,,,,2020-04-23T15:31:32Z,2016,2016-01-01,2016-12-31
22241097,RS_246,COUNTRY,ETH,YEAR,2016,ROADUSERTYPE,RS-DDC-OTHER,,,,,,,63.3,63.3,,,,2020-04-23T15:31:32Z,2016,2016-01-01,2016-12-31
22241098,RS_246,COUNTRY,FJI,YEAR,2016,ROADUSERTYPE,RS-DDC-OTHER,,,,,,,0.0,0,,,,2020-04-23T15:31:32Z,2016,2016-01-01,2016-12-31
22241099,RS_246,COUNTRY,FIN,YEAR,2016,ROADUSERTYPE,RS-DDC-OTHER,,,,,,,6.3,6.3,,,,2020-04-23T15:31:33Z,2016,2016-01-01,2016-12-31
22241100,RS_246,COUNTRY,FRA,YEAR,2016,ROADUSERTYPE,RS-DDC-OTHER,,,,,,,3.8,3.8,,,,2020-04-23T15:31:33Z,2016,2016-01-01,2016-12-31
22241101,RS_246,COUNTRY,GEO,YEAR,2016,ROADUSERTYPE,RS-DDC-OTHER,,,,,,,27.4,27.4,,,,2020-04-23T15:31:33Z,2016,2016-01-01,2016-12-31
22241102,RS_246,COUNTRY,DEU,YEAR,2016,ROADUSERTYPE,RS-DDC-OTHER,,,,,,,5.9,5.9,,,,2020-04-23T15:31:33Z,2016,2016-01-01,2016-12-31
22241103,RS_246,COUNTRY,GHA,YEAR,2016,ROADUSERTYPE,RS-DDC-OTHER,,,,,,,20.7,20.7,,,,2020-04-23T15:31:33Z,2016,2016-01-01,2016-12-31
22241104,RS_246,COUNTRY,GRC,YEAR,2016,ROADUSERTYPE,RS-DDC-OTHER,,,,,,,7.0,7,,,,2020-04-23T15:31:33Z,2016,2016-01-01,2016-12-31
22241105,RS_246,COUNTRY,GTM,YEAR,2016,ROADUSERTYPE,RS-DDC-OTHER,,,,,,,8.3,8.3,,,,2020-04-23T15:31:33Z,2016,2016-01-01,2016-12-31
22241106,RS_246,COUNTRY,GUY,YEAR,2016,ROADUSERTYPE,RS-DDC-OTHER,,,,,,,11.7,11.7,,,,2020-04-23T15:31:33Z,2016,2016-01-01,2016-12-31
22241107,RS_246,COUNTRY,HND,YEAR,2016,ROADUSERTYPE,RS-DDC-OTHER,,,,,,,25.1,25.1,,,,2020-04-23T15:31:33Z,2016,2016-01-01,2016-12-31
22241108,RS_246,COUNTRY,HUN,YEAR,2016,ROADUSERTYPE,RS-DDC-OTHER,,,,,,,8.1,8.1,,,,2020-04-23T15:31:33Z,2016,2016-01-01,2016-12-31
22241109,RS_246,COUNTRY,ISL,YEAR,2016,ROADUSERTYPE,RS-DDC-OTHER,,,,,,,5.6,5.6,,,,2020-04-23T15:31:33Z,2016,2016-01-01,2016-12-31
22241110,RS_246,COUNTRY,IND,YEAR,2016,ROADUSERTYPE,RS-DDC-OTHER,,,,,,,30.4,30.4,,,,2020-04-23T15:31:33Z,2016,2016-01-01,2016-12-31
22241111,RS_246,COUNTRY,IDN,YEAR,2016,ROADUSERTYPE,RS-DDC-OTHER,,,,,,,2.7,2.7,,,,2020-04-23T15:31:33Z,2016,2016-01-01,2016-12-31
22241112,RS_246,COUNTRY,IRN,YEAR,2016,ROADUSERTYPE,RS-DDC-OTHER,,,,,,,5.0,5,,,,2020-04-23T15:31:33Z,2016,2016-01-01,2016-12-31
22241113,RS_246,COUNTRY,IRL,YEAR,2016,ROADUSERTYPE,RS-DDC-OTHER,,,,,,,2.1,2.1,,,,2020-04-23T15:31:33Z,2016,2016-01-01,2016-12-31
22241114,RS_246,COUNTRY,ISR,YEAR,2016,ROADUSERTYPE,RS-DDC-OTHER,,,,,,,10.1,10.1,,,,2020-04-23T15:31:33Z,2016,2016-01-01,2016-12-31
22241115,RS_246,COUNTRY,ITA,YEAR,2016,ROADUSERTYPE,RS-DDC-OTHER,,,,,,,6.7,6.7,,,,2020-04-23T15:31:33Z,2016,2016-01-01,2016-12-31
22241116,RS_246,COUNTRY,JAM,YEAR,2016,ROADUSERTYPE,RS-DDC-OTHER,,,,,,,7.7,7.7,,,,2020-04-23T15:31:33Z,2016,2016-01-01,2016-12-31
22241117,RS_246,COUNTRY,JPN,YEAR,2016,ROADUSERTYPE,RS-DDC-OTHER,,,,,,,1.0,1,,,,2020-04-23T15:31:33Z,2016,2016-01-01,2016-12-31
22241118,RS_246,COUNTRY,JOR,YEAR,2016,ROADUSERTYPE,RS-DDC-OTHER,,,,,,,0.0,0,,,,2020-04-23T15:31:33Z,2016,2016-01-01,2016-12-31
22241119,RS_246,COUNTRY,KAZ,YEAR,2016,ROADUSERTYPE,RS-DDC-OTHER,,,,,,,3.3,3.3,,,,2020-04-23T15:31:33Z,2016,2016-01-01,2016-12-31
22241120,RS_246,COUNTRY,KEN,YEAR,2016,ROADUSERTYPE,RS-DDC-OTHER,,,,,,,0.0,0,,,,2020-04-23T15:31:33Z,2016,2016-01-01,2016-12-31
22241121,RS_246,COUNTRY,KIR,YEAR,2016,ROADUSERTYPE,RS-DDC-OTHER,,,,,,,0.0,0,,,,2020-04-23T15:31:33Z,2016,2016-01-01,2016-12-31
22241122,RS_246,COUNTRY,KGZ,YEAR,2016,ROADUSERTYPE,RS-DDC-OTHER,,,,,,,30.0,30,,,,2020-04-23T15:31:33Z,2016,2016-01-01,2016-12-31
22241123,RS_246,COUNTRY,LVA,YEAR,2016,ROADUSERTYPE,RS-DDC-OTHER,,,,,,,3.8,3.8,,,,2020-04-23T15:31:33Z,2016,2016-01-01,2016-12-31
22241124,RS_246,COUNTRY,LBN,YEAR,2016,ROADUSERTYPE,RS-DDC-OTHER,,,,,,,0.0,0,,,,2020-04-23T15:31:33Z,2016,2016-01-01,2016-12-31
22241125,RS_246,COUNTRY,LBY,YEAR,2016,ROADUSERTYPE,RS-DDC-OTHER,,,,,,,0.0,0,,,,2020-04-23T15:31:33Z,2016,2016-01-01,2016-12-31
22241126,RS_246,COUNTRY,LTU,YEAR,2016,ROADUSERTYPE,RS-DDC-OTHER,,,,,,,1.0,1,,,,2020-04-23T15:31:33Z,2016,2016-01-01,2016-12-31
22241127,RS_246,COUNTRY,LUX,YEAR,2016,ROADUSERTYPE,RS-DDC-OTHER,,,,,,,0.0,0,,,,2020-04-23T15:31:33Z,2016,2016-01-01,2016-12-31
22241128,RS_246,COUNTRY,MDG,YEAR,2016,ROADUSERTYPE,RS-DDC-OTHER,,,,,,,0.0,0,,,,2020-04-23T15:31:33Z,2016,2016-01-01,2016-12-31
22241129,RS_246,COUNTRY,MWI,YEAR,2016,ROADUSERTYPE,RS-DDC-OTHER,,,,,,,0.1,0.1,,,,2020-04-23T15:31:33Z,2016,2016-01-01,2016-12-31
22241130,RS_246,COUNTRY,MDV,YEAR,2016,ROADUSERTYPE,RS-DDC-OTHER,,,,,,,0.0,0,,,,2020-04-23T15:31:33Z,2016,2016-01-01,2016-12-31
22241131,RS_246,COUNTRY,MLI,YEAR,2016,ROADUSERTYPE,RS-DDC-OTHER,,,,,,,15.9,15.9,,,,2020-04-23T15:31:33Z,2016,2016-01-01,2016-12-31
22241132,RS_246,COUNTRY,MLT,YEAR,2016,ROADUSERTYPE,RS-DDC-OTHER,,,,,,,9.1,9.1,,,,2020-04-23T15:31:33Z,2016,2016-01-01,2016-12-31
22241133,RS_246,COUNTRY,MUS,YEAR,2016,ROADUSERTYPE,RS-DDC-OTHER,,,,,,,0.0,0,,,,2020-04-23T15:31:34Z,2016,2016-01-01,2016-12-31
22241134,RS_246,COUNTRY,MEX,YEAR,2016,ROADUSERTYPE,RS-DDC-OTHER,,,,,,,42.4,42.4,,,,2020-04-23T15:31:34Z,2016,2016-01-01,2016-12-31
22241135,RS_246,COUNTRY,FSM,YEAR,2016,ROADUSERTYPE,RS-DDC-OTHER,,,,,,,0.0,0,,,,2020-04-23T15:31:34Z,2016,2016-01-01,2016-12-31
22241136,RS_246,COUNTRY,MNG,YEAR,2016,ROADUSERTYPE,RS-DDC-OTHER,,,,,,,12.2,12.2,,,,2020-04-23T15:31:34Z,2016,2016-01-01,2016-12-31
22241137,RS_246,COUNTRY,MNE,YEAR,2016,ROADUSERTYPE,RS-DDC-OTHER,,,,,,,4.6,4.6,,,,2020-04-23T15:31:34Z,2016,2016-01-01,2016-12-31
22241138,RS_246,COUNTRY,MAR,YEAR,2016,ROADUSERTYPE,RS-DDC-OTHER,,,,,,,7.9,7.9,,,,2020-04-23T15:31:34Z,2016,2016-01-01,2016-12-31
22241139,RS_246,COUNTRY,MMR,YEAR,2016,ROADUSERTYPE,RS-DDC-OTHER,,,,,,,7.1,7.1,,,,2020-04-23T15:31:34Z,2016,2016-01-01,2016-12-31
22241140,RS_246,COUNTRY,NLD,YEAR,2016,ROADUSERTYPE,RS-DDC-OTHER,,,,,,,1.6,1.6,,,,2020-04-23T15:31:34Z,2016,2016-01-01,2016-12-31
22241141,RS_246,COUNTRY,NZL,YEAR,2016,ROADUSERTYPE,RS-DDC-OTHER,,,,,,,6.4,6.4,,,,2020-04-23T15:31:34Z,2016,2016-01-01,2016-12-31
22241142,RS_246,COUNTRY,NIC,YEAR,2013,ROADUSERTYPE,RS-DDC-OTHER,,,,,,,12.5,12.5,,,,2020-04-23T15:31:34Z,2013,2013-01-01,2013-12-31
22241143,RS_246,COUNTRY,NOR,YEAR,2016,ROADUSERTYPE,RS-DDC-OTHER,,,,,,,12.6,12.6,,,,2020-04-23T15:31:34Z,2016,2016-01-01,2016-12-31
22241144,RS_246,COUNTRY,OMN,YEAR,2016,ROADUSERTYPE,RS-DDC-OTHER,,,,,,,8.1,8.1,,,,2020-04-23T15:31:34Z,2016,2016-01-01,2016-12-31
22241145,RS_246,COUNTRY,PAN,YEAR,2016,ROADUSERTYPE,RS-DDC-OTHER,,,,,,,17.5,17.5,,,,2020-04-23T15:31:34Z,2016,2016-01-01,2016-12-31
22241146,RS_246,COUNTRY,PNG,YEAR,2016,ROADUSERTYPE,RS-DDC-OTHER,,,,,,,0.0,0,,,,2020-04-23T15:31:34Z,2016,2016-01-01,2016-12-31
22241147,RS_246,COUNTRY,PRY,YEAR,2016,ROADUSERTYPE,RS-DDC-OTHER,,,,,,,8.7,8.7,,,,2020-04-23T15:31:34Z,2016,2016-01-01,2016-12-31
22241148,RS_246,COUNTRY,PER,YEAR,2016,ROADUSERTYPE,RS-DDC-OTHER,,,,,,,88.6,88.6,,,,2020-04-23T15:31:34Z,2016,2016-01-01,2016-12-31
22241149,RS_246,COUNTRY,PHL,YEAR,2016,ROADUSERTYPE,RS-DDC-OTHER,,,,,,,93.9,93.9,,,,2020-04-23T15:31:34Z,2016,2016-01-01,2016-12-31
22241150,RS_246,COUNTRY,POL,YEAR,2016,ROADUSERTYPE,RS-DDC-OTHER,,,,,,,4.3,4.3,,,,2020-04-23T15:31:34Z,2016,2016-01-01,2016-12-31
22241151,RS_246,COUNTRY,PRT,YEAR,2016,ROADUSERTYPE,RS-DDC-OTHER,,,,,,,6.4,6.4,,,,2020-04-23T15:31:34Z,2016,2016-01-01,2016-12-31
22241152,RS_246,COUNTRY,QAT,YEAR,2016,ROADUSERTYPE,RS-DDC-OTHER,,,,,,,14.6,14.6,,,,2020-04-23T15:31:34Z,2016,2016-01-01,2016-12-31
22241153,RS_246,COUNTRY,KOR,YEAR,2016,ROADUSERTYPE,RS-DDC-OTHER,,,,,,,33.7,33.7,,,,2020-04-23T15:31:34Z,2016,2016-01-01,2016-12-31
22241154,RS_246,COUNTRY,MDA,YEAR,2016,ROADUSERTYPE,RS-DDC-OTHER,,,,,,,58.1,58.1,,,,2020-04-23T15:31:34Z,2016,2016-01-01,2016-12-31
22241155,RS_246,COUNTRY,ROU,YEAR,2016,ROADUSERTYPE,RS-DDC-OTHER,,,,,,,3.3,3.3,,,,2020-04-23T15:31:34Z,2016,2016-01-01,2016-12-31
22241156,RS_246,COUNTRY,RUS,YEAR,2016,ROADUSERTYPE,RS-DDC-OTHER,,,,,,,5.3,5.3,,,,2020-04-23T15:31:34Z,2016,2016-01-01,2016-12-31
22241157,RS_246,COUNTRY,LCA,YEAR,2016,ROADUSERTYPE,RS-DDC-OTHER,,,,,,,6.7,6.7,,,,2020-04-23T15:31:34Z,2016,2016-01-01,2016-12-31
22241158,RS_246,COUNTRY,WSM,YEAR,2016,ROADUSERTYPE,RS-DDC-OTHER,,,,,,,5.9,5.9,,,,2020-04-23T15:31:34Z,2016,2016-01-01,2016-12-31
22241159,RS_246,COUNTRY,SRB,YEAR,2016,ROADUSERTYPE,RS-DDC-OTHER,,,,,,,12.5,12.5,,,,2020-04-23T15:31:34Z,2016,2016-01-01,2016-12-31
22241160,RS_246,COUNTRY,SYC,YEAR,2016,ROADUSERTYPE,RS-DDC-OTHER,,,,,,,6.7,6.7,,,,2020-04-23T15:31:34Z,2016,2016-01-01,2016-12-31
22241161,RS_246,COUNTRY,SGP,YEAR,2016,ROADUSERTYPE,RS-DDC-OTHER,,,,,,,0.7,0.7,,,,2020-04-23T15:31:34Z,2016,2016-01-01,2016-12-31
22241162,RS_246,COUNTRY,SVK,YEAR,2016,ROADUSERTYPE,RS-DDC-OTHER,,,,,,,4.4,4.4,,,,2020-04-23T15:31:34Z,2016,2016-01-01,2016-12-31
22241163,RS_246,COUNTRY,SVN,YEAR,2016,ROADUSERTYPE,RS-DDC-OTHER,,,,,,,6.9,6.9,,,,2020-04-23T15:31:34Z,2016,2016-01-01,2016-12-31
22241164,RS_246,COUNTRY,ZAF,YEAR,2016,ROADUSERTYPE,RS-DDC-OTHER,,,,,,,13.1,13.1,,,,2020-04-23T15:31:34Z,2016,2016-01-01,2016-12-31
22241165,RS_246,COUNTRY,ESP,YEAR,2016,ROADUSERTYPE,RS-DDC-OTHER,,,,,,,6.4,6.4,,,,2020-04-23T15:31:34Z,2016,2016-01-01,2016-12-31
22241166,RS_246,COUNTRY,LKA,YEAR,2016,ROADUSERTYPE,RS-DDC-OTHER,,,,,,,5.7,5.7,,,,2020-04-23T15:31:34Z,2016,2016-01-01,2016-12-31
22241167,RS_246,COUNTRY,SDN,YEAR,2016,ROADUSERTYPE,RS-DDC-OTHER,,,,,,,71.4,71.4,,,,2020-04-23T15:31:34Z,2016,2016-01-01,2016-12-31
22241168,RS_246,COUNTRY,SUR,YEAR,2016,ROADUSERTYPE,RS-DDC-OTHER,,,,,,,1.4,1.4,,,,2020-04-23T15:31:34Z,2016,2016-01-01,2016-12-31
22241169,RS_246,COUNTRY,SWE,YEAR,2016,ROADUSERTYPE,RS-DDC-OTHER,,,,,,,6.3,6.3,,,,2020-04-23T15:31:34Z,2016,2016-01-01,2016-12-31
22241170,RS_246,COUNTRY,CHE,YEAR,2016,ROADUSERTYPE,RS-DDC-OTHER,,,,,,,4.2,4.2,,,,2020-04-23T15:31:34Z,2016,2016-01-01,2016-12-31
22241171,RS_246,COUNTRY,SYR,YEAR,2016,ROADUSERTYPE,RS-DDC-OTHER,,,,,,,4.2,4.2,,,,2020-04-23T15:31:34Z,2016,2016-01-01,2016-12-31
22241172,RS_246,COUNTRY,TJK,YEAR,2016,ROADUSERTYPE,RS-DDC-OTHER,,,,,,,0.0,0,,,,2020-04-23T15:31:35Z,2016,2016-01-01,2016-12-31
22241173,RS_246,COUNTRY,THA,YEAR,2016,ROADUSERTYPE,RS-DDC-OTHER,,,,,,,2.3,2.3,,,,2020-04-23T15:31:35Z,2016,2016-01-01,2016-12-31
22241174,RS_246,COUNTRY,MKD,YEAR,2016,ROADUSERTYPE,RS-DDC-OTHER,,,,,,,4.7,4.7,,,,2020-04-23T15:31:35Z,2016,2016-01-01,2016-12-31
22241175,RS_246,COUNTRY,TGO,YEAR,2016,ROADUSERTYPE,RS-DDC-OTHER,,,,,,,11.1,11.1,,,,2020-04-23T15:31:35Z,2016,2016-01-01,2016-12-31
22241176,RS_246,COUNTRY,TON,YEAR,2016,ROADUSERTYPE,RS-DDC-OTHER,,,,,,,5.6,5.6,,,,2020-04-23T15:31:35Z,2016,2016-01-01,2016-12-31
22241177,RS_246,COUNTRY,TTO,YEAR,2016,ROADUSERTYPE,RS-DDC-OTHER,,,,,,,8.1,8.1,,,,2020-04-23T15:31:35Z,2016,2016-01-01,2016-12-31
22241178,RS_246,COUNTRY,TUN,YEAR,2016,ROADUSERTYPE,RS-DDC-OTHER,,,,,,,0.7,0.7,,,,2020-04-23T15:31:35Z,2016,2016-01-01,2016-12-31
22241179,RS_246,COUNTRY,TUR,YEAR,2016,ROADUSERTYPE,RS-DDC-OTHER,,,,,,,38.0,38,,,,2020-04-23T15:31:35Z,2016,2016-01-01,2016-12-31
22241180,RS_246,COUNTRY,UGA,YEAR,2016,ROADUSERTYPE,RS-DDC-OTHER,,,,,,,0.0,0,,,,2020-04-23T15:31:35Z,2016,2016-01-01,2016-12-31
22241181,RS_246,COUNTRY,UKR,YEAR,2016,ROADUSERTYPE,RS-DDC-OTHER,,,,,,,8.4,8.4,,,,2020-04-23T15:31:35Z,2016,2016-01-01,2016-12-31
22241182,RS_246,COUNTRY,ARE,YEAR,2016,ROADUSERTYPE,RS-DDC-OTHER,,,,,,,14.2,14.2,,,,2020-04-23T15:31:35Z,2016,2016-01-01,2016-12-31
22241183,RS_246,COUNTRY,GBR,YEAR,2016,ROADUSERTYPE,RS-DDC-OTHER,,,,,,,4.1,4.1,,,,2020-04-23T15:31:35Z,2016,2016-01-01,2016-12-31
22241184,RS_246,COUNTRY,TZA,YEAR,2016,ROADUSERTYPE,RS-DDC-OTHER,,,,,,,0.8,0.8,,,,2020-04-23T15:31:35Z,2016,2016-01-01,2016-12-31
22241185,RS_246,COUNTRY,USA,YEAR,2016,ROADUSERTYPE,RS-DDC-OTHER,,,,,,,4.2,4.2,,,,2020-04-23T15:31:35Z,2016,2016-01-01,2016-12-31
22241186,RS_246,COUNTRY,URY,YEAR,2016,ROADUSERTYPE,RS-DDC-OTHER,,,,,,,0.0,0,,,,2020-04-23T15:31:35Z,2016,2016-01-01,2016-12-31
22241187,RS_246,COUNTRY,PSE,YEAR,2016,ROADUSERTYPE,RS-DDC-OTHER,,,,,,,10.7,10.7,,,,2020-04-23T15:31:35Z,2016,2016-01-01,2016-12-31
22241188,RS_246,COUNTRY,ZWE,YEAR,2016,ROADUSERTYPE,RS-DDC-OTHER,,,,,,,37.2,37.2,,,,2020-04-23T15:31:35Z,2016,2016-01-01,2016-12-31
22241189,RS_246,COUNTRY,ALB,YEAR,2016,ROADUSERTYPE,RS-DDC-PEDESTRIANS,,,,,,,38.7,38.7,,,,2020-04-23T15:31:35Z,2016,2016-01-01,2016-12-31
22241190,RS_246,COUNTRY,AND,YEAR,2013,ROADUSERTYPE,RS-DDC-PEDESTRIANS,,,,,,,50.0,50,,,,2020-04-23T15:31:35Z,2013,2013-01-01,2013-12-31
22241191,RS_246,COUNTRY,AGO,YEAR,2016,ROADUSERTYPE,RS-DDC-PEDESTRIANS,,,,,,,40.5,40.5,,,,2020-04-23T15:31:35Z,2016,2016-01-01,2016-12-31
22241192,RS_246,COUNTRY,ATG,YEAR,2016,ROADUSERTYPE,RS-DDC-PEDESTRIANS,,,,,,,25.0,25,,,,2020-04-23T15:31:35Z,2016,2016-01-01,2016-12-31
22241193,RS_246,COUNTRY,ARG,YEAR,2016,ROADUSERTYPE,RS-DDC-PEDESTRIANS,,,,,,,8.2,8.2,,,,2020-04-23T15:31:35Z,2016,2016-01-01,2016-12-31
22241194,RS_246,COUNTRY,ARM,YEAR,2016,ROADUSERTYPE,RS-DDC-PEDESTRIANS,,,,,,,34.8,34.8,,,,2020-04-23T15:31:35Z,2016,2016-01-01,2016-12-31
22241195,RS_246,COUNTRY,AUS,YEAR,2016,ROADUSERTYPE,RS-DDC-PEDESTRIANS,,,,,,,14.0,14,,,,2020-04-23T15:31:35Z,2016,2016-01-01,2016-12-31
22241196,RS_246,COUNTRY,AUT,YEAR,2016,ROADUSERTYPE,RS-DDC-PEDESTRIANS,,,,,,,16.9,16.9,,,,2020-04-23T15:31:35Z,2016,2016-01-01,2016-12-31
22241197,RS_246,COUNTRY,AZE,YEAR,2016,ROADUSERTYPE,RS-DDC-PEDESTRIANS,,,,,,,42.0,42,,,,2020-04-23T15:31:35Z,2016,2016-01-01,2016-12-31
22241198,RS_246,COUNTRY,BHS,YEAR,2013,ROADUSERTYPE,RS-DDC-PEDESTRIANS,,,,,,,21.2,21.2,,,,2020-04-23T15:31:35Z,2013,2013-01-01,2013-12-31
22241199,RS_246,COUNTRY,BHR,YEAR,2013,ROADUSERTYPE,RS-DDC-PEDESTRIANS,,,,,,,31.4,31.4,,,,2020-04-23T15:31:35Z,2013,2013-01-01,2013-12-31
22241200,RS_246,COUNTRY,BRB,YEAR,2016,ROADUSERTYPE,RS-DDC-PEDESTRIANS,,,,,,,22.2,22.2,,,,2020-04-23T15:31:35Z,2016,2016-01-01,2016-12-31
22241201,RS_246,COUNTRY,BLR,YEAR,2016,ROADUSERTYPE,RS-DDC-PEDESTRIANS,,,,,,,41.3,41.3,,,,2020-04-23T15:31:35Z,2016,2016-01-01,2016-12-31
22241202,RS_246,COUNTRY,BEL,YEAR,2016,ROADUSERTYPE,RS-DDC-PEDESTRIANS,,,,,,,12.2,12.2,,,,2020-04-23T15:31:35Z,2016,2016-01-01,2016-12-31
22241203,RS_246,COUNTRY,BLZ,YEAR,2016,ROADUSERTYPE,RS-DDC-PEDESTRIANS,,,,,,,24.8,24.8,,,,2020-04-23T15:31:35Z,2016,2016-01-01,2016-12-31
22241204,RS_246,COUNTRY,BEN,YEAR,2016,ROADUSERTYPE,RS-DDC-PEDESTRIANS,,,,,,,16.8,16.8,,,,2020-04-23T15:31:35Z,2016,2016-01-01,2016-12-31
22241205,RS_246,COUNTRY,BOL,YEAR,2016,ROADUSERTYPE,RS-DDC-PEDESTRIANS,,,,,,,2.5,2.5,,,,2020-04-23T15:31:35Z,2016,2016-01-01,2016-12-31
22241206,RS_246,COUNTRY,BWA,YEAR,2016,ROADUSERTYPE,RS-DDC-PEDESTRIANS,,,,,,,24.7,24.7,,,,2020-04-23T15:31:35Z,2016,2016-01-01,2016-12-31
22241207,RS_246,COUNTRY,BRA,YEAR,2016,ROADUSERTYPE,RS-DDC-PEDESTRIANS,,,,,,,18.1,18.1,,,,2020-04-23T15:31:35Z,2016,2016-01-01,2016-12-31
22241208,RS_246,COUNTRY,BGR,YEAR,2016,ROADUSERTYPE,RS-DDC-PEDESTRIANS,,,,,,,16.7,16.7,,,,2020-04-23T15:31:35Z,2016,2016-01-01,2016-12-31
22241209,RS_246,COUNTRY,KHM,YEAR,2016,ROADUSERTYPE,RS-DDC-PEDESTRIANS,,,,,,,9.6,9.6,,,,2020-04-23T15:31:35Z,2016,2016-01-01,2016-12-31
22241210,RS_246,COUNTRY,CAN,YEAR,2016,ROADUSERTYPE,RS-DDC-PEDESTRIANS,,,,,,,15.2,15.2,,,,2020-04-23T15:31:35Z,2016,2016-01-01,2016-12-31
22241211,RS_246,COUNTRY,CHL,YEAR,2016,ROADUSERTYPE,RS-DDC-PEDESTRIANS,,,,,,,36.0,36,,,,2020-04-23T15:31:35Z,2016,2016-01-01,2016-12-31
22241212,RS_246,COUNTRY,COL,YEAR,2016,ROADUSERTYPE,RS-DDC-PEDESTRIANS,,,,,,,26.0,26,,,,2020-04-23T15:31:36Z,2016,2016-01-01,2016-12-31
22241213,RS_246,COUNTRY,COM,YEAR,2016,ROADUSERTYPE,RS-DDC-PEDESTRIANS,,,,,,,17.4,17.4,,,,2020-04-23T15:31:36Z,2016,2016-01-01,2016-12-31
22241214,RS_246,COUNTRY,COK,YEAR,2016,ROADUSERTYPE,RS-DDC-PEDESTRIANS,,,,,,,0.0,0,,,,2020-04-23T15:31:36Z,2016,2016-01-01,2016-12-31
22241215,RS_246,COUNTRY,CRI,YEAR,2016,ROADUSERTYPE,RS-DDC-PEDESTRIANS,,,,,,,24.7,24.7,,,,2020-04-23T15:31:36Z,2016,2016-01-01,2016-12-31
22241216,RS_246,COUNTRY,CIV,YEAR,2016,ROADUSERTYPE,RS-DDC-PEDESTRIANS,,,,,,,40.2,40.2,,,,2020-04-23T15:31:36Z,2016,2016-01-01,2016-12-31
22241217,RS_246,COUNTRY,HRV,YEAR,2016,ROADUSERTYPE,RS-DDC-PEDESTRIANS,,,,,,,21.8,21.8,,,,2020-04-23T15:31:36Z,2016,2016-01-01,2016-12-31
22241218,RS_246,COUNTRY,CUB,YEAR,2016,ROADUSERTYPE,RS-DDC-PEDESTRIANS,,,,,,,33.2,33.2,,,,2020-04-23T15:31:36Z,2016,2016-01-01,2016-12-31
22241219,RS_246,COUNTRY,CYP,YEAR,2016,ROADUSERTYPE,RS-DDC-PEDESTRIANS,,,,,,,30.4,30.4,,,,2020-04-23T15:31:36Z,2016,2016-01-01,2016-12-31
22241220,RS_246,COUNTRY,CZE,YEAR,2016,ROADUSERTYPE,RS-DDC-PEDESTRIANS,,,,,,,21.3,21.3,,,,2020-04-23T15:31:36Z,2016,2016-01-01,2016-12-31
22241221,RS_246,COUNTRY,COD,YEAR,2016,ROADUSERTYPE,RS-DDC-PEDESTRIANS,,,,,,,51.9,51.9,,,,2020-04-23T15:31:36Z,2016,2016-01-01,2016-12-31
22241222,RS_246,COUNTRY,DNK,YEAR,2016,ROADUSERTYPE,RS-DDC-PEDESTRIANS,,,,,,,17.1,17.1,,,,2020-04-23T15:31:36Z,2016,2016-01-01,2016-12-31
22241223,RS_246,COUNTRY,DMA,YEAR,2016,ROADUSERTYPE,RS-DDC-PEDESTRIANS,,,,,,,10.0,10,,,,2020-04-23T15:31:36Z,2016,2016-01-01,2016-12-31
22241224,RS_246,COUNTRY,DOM,YEAR,2016,ROADUSERTYPE,RS-DDC-PEDESTRIANS,,,,,,,17.0,17,,,,2020-04-23T15:31:36Z,2016,2016-01-01,2016-12-31
22241225,RS_246,COUNTRY,ECU,YEAR,2016,ROADUSERTYPE,RS-DDC-PEDESTRIANS,,,,,,,19.8,19.8,,,,2020-04-23T15:31:36Z,2016,2016-01-01,2016-12-31
22241226,RS_246,COUNTRY,EGY,YEAR,2016,ROADUSERTYPE,RS-DDC-PEDESTRIANS,,,,,,,26.9,26.9,,,,2020-04-23T15:31:36Z,2016,2016-01-01,2016-12-31
22241227,RS_246,COUNTRY,SLV,YEAR,2016,ROADUSERTYPE,RS-DDC-PEDESTRIANS,,,,,,,49.0,49,,,,2020-04-23T15:31:36Z,2016,2016-01-01,2016-12-31
22241228,RS_246,COUNTRY,ERI,YEAR,2016,ROADUSERTYPE,RS-DDC-PEDESTRIANS,,,,,,,25.4,25.4,,,,2020-04-23T15:31:36Z,2016,2016-01-01,2016-12-31
22241229,RS_246,COUNTRY,EST,YEAR,2016,ROADUSERTYPE,RS-DDC-PEDESTRIANS,,,,,,,31.0,31,,,,2020-04-23T15:31:36Z,2016,2016-01-01,2016-12-31
22241230,RS_246,COUNTRY,SWZ,YEAR,2016,ROADUSERTYPE,RS-DDC-PEDESTRIANS,,,,,,,43.8,43.8,,,,2020-04-23T15:31:36Z,2016,2016-01-01,2016-12-31
22241231,RS_246,COUNTRY,ETH,YEAR,2016,ROADUSERTYPE,RS-DDC-PEDESTRIANS,,,,,,,36.7,36.7,,,,2020-04-23T15:31:36Z,2016,2016-01-01,2016-12-31
22241232,RS_246,COUNTRY,FJI,YEAR,2016,ROADUSERTYPE,RS-DDC-PEDESTRIANS,,,,,,,36.7,36.7,,,,2020-04-23T15:31:36Z,2016,2016-01-01,2016-12-31
22241233,RS_246,COUNTRY,FIN,YEAR,2016,ROADUSERTYPE,RS-DDC-PEDESTRIANS,,,,,,,10.7,10.7,,,,2020-04-23T15:31:36Z,2016,2016-01-01,2016-12-31
22241234,RS_246,COUNTRY,FRA,YEAR,2016,ROADUSERTYPE,RS-DDC-PEDESTRIANS,,,,,,,16.1,16.1,,,,2020-04-23T15:31:36Z,2016,2016-01-01,2016-12-31
22241235,RS_246,COUNTRY,GEO,YEAR,2016,ROADUSERTYPE,RS-DDC-PEDESTRIANS,,,,,,,26.5,26.5,,,,2020-04-23T15:31:36Z,2016,2016-01-01,2016-12-31
22241236,RS_246,COUNTRY,DEU,YEAR,2016,ROADUSERTYPE,RS-DDC-PEDESTRIANS,,,,,,,15.3,15.3,,,,2020-04-23T15:31:36Z,2016,2016-01-01,2016-12-31
22241237,RS_246,COUNTRY,GHA,YEAR,2016,ROADUSERTYPE,RS-DDC-PEDESTRIANS,,,,,,,46.1,46.1,,,,2020-04-23T15:31:36Z,2016,2016-01-01,2016-12-31
22241238,RS_246,COUNTRY,GRC,YEAR,2016,ROADUSERTYPE,RS-DDC-PEDESTRIANS,,,,,,,18.1,18.1,,,,2020-04-23T15:31:36Z,2016,2016-01-01,2016-12-31
22241239,RS_246,COUNTRY,GTM,YEAR,2016,ROADUSERTYPE,RS-DDC-PEDESTRIANS,,,,,,,39.2,39.2,,,,2020-04-23T15:31:36Z,2016,2016-01-01,2016-12-31
22241240,RS_246,COUNTRY,GUY,YEAR,2016,ROADUSERTYPE,RS-DDC-PEDESTRIANS,,,,,,,29.7,29.7,,,,2020-04-23T15:31:36Z,2016,2016-01-01,2016-12-31
22241241,RS_246,COUNTRY,HND,YEAR,2016,ROADUSERTYPE,RS-DDC-PEDESTRIANS,,,,,,,27.9,27.9,,,,2020-04-23T15:31:36Z,2016,2016-01-01,2016-12-31
22241242,RS_246,COUNTRY,HUN,YEAR,2016,ROADUSERTYPE,RS-DDC-PEDESTRIANS,,,,,,,25.0,25,,,,2020-04-23T15:31:36Z,2016,2016-01-01,2016-12-31
22241243,RS_246,COUNTRY,ISL,YEAR,2016,ROADUSERTYPE,RS-DDC-PEDESTRIANS,,,,,,,11.1,11.1,,,,2020-04-23T15:31:36Z,2016,2016-01-01,2016-12-31
22241244,RS_246,COUNTRY,IND,YEAR,2016,ROADUSERTYPE,RS-DDC-PEDESTRIANS,,,,,,,10.4,10.4,,,,2020-04-23T15:31:36Z,2016,2016-01-01,2016-12-31
22241245,RS_246,COUNTRY,IDN,YEAR,2016,ROADUSERTYPE,RS-DDC-PEDESTRIANS,,,,,,,15.5,15.5,,,,2020-04-23T15:31:36Z,2016,2016-01-01,2016-12-31
22241246,RS_246,COUNTRY,IRN,YEAR,2016,ROADUSERTYPE,RS-DDC-PEDESTRIANS,,,,,,,21.6,21.6,,,,2020-04-23T15:31:36Z,2016,2016-01-01,2016-12-31
22241247,RS_246,COUNTRY,IRL,YEAR,2016,ROADUSERTYPE,RS-DDC-PEDESTRIANS,,,,,,,18.6,18.6,,,,2020-04-23T15:31:36Z,2016,2016-01-01,2016-12-31
22241248,RS_246,COUNTRY,ISR,YEAR,2016,ROADUSERTYPE,RS-DDC-PEDESTRIANS,,,,,,,28.7,28.7,,,,2020-04-23T15:31:36Z,2016,2016-01-01,2016-12-31
22241249,RS_246,COUNTRY,ITA,YEAR,2016,ROADUSERTYPE,RS-DDC-PEDESTRIANS,,,,,,,17.6,17.6,,,,2020-04-23T15:31:37Z,2016,2016-01-01,2016-12-31
22241250,RS_246,COUNTRY,JAM,YEAR,2016,ROADUSERTYPE,RS-DDC-PEDESTRIANS,,,,,,,22.2,22.2,,,,2020-04-23T15:31:37Z,2016,2016-01-01,2016-12-31
22241251,RS_246,COUNTRY,JPN,YEAR,2016,ROADUSERTYPE,RS-DDC-PEDESTRIANS,,,,,,,35.0,35,,,,2020-04-23T15:31:37Z,2016,2016-01-01,2016-12-31
22241252,RS_246,COUNTRY,JOR,YEAR,2016,ROADUSERTYPE,RS-DDC-PEDESTRIANS,,,,,,,28.7,28.7,,,,2020-04-23T15:31:37Z,2016,2016-01-01,2016-12-31
22241253,RS_246,COUNTRY,KAZ,YEAR,2016,ROADUSERTYPE,RS-DDC-PEDESTRIANS,,,,,,,30.9,30.9,,,,2020-04-23T15:31:37Z,2016,2016-01-01,2016-12-31
22241254,RS_246,COUNTRY,KEN,YEAR,2016,ROADUSERTYPE,RS-DDC-PEDESTRIANS,,,,,,,37.0,37,,,,2020-04-23T15:31:37Z,2016,2016-01-01,2016-12-31
22241255,RS_246,COUNTRY,KIR,YEAR,2016,ROADUSERTYPE,RS-DDC-PEDESTRIANS,,,,,,,40.0,40,,,,2020-04-23T15:31:37Z,2016,2016-01-01,2016-12-31
22241256,RS_246,COUNTRY,KGZ,YEAR,2016,ROADUSERTYPE,RS-DDC-PEDESTRIANS,,,,,,,40.0,40,,,,2020-04-23T15:31:37Z,2016,2016-01-01,2016-12-31
22241257,RS_246,COUNTRY,LVA,YEAR,2016,ROADUSERTYPE,RS-DDC-PEDESTRIANS,,,,,,,34.8,34.8,,,,2020-04-23T15:31:37Z,2016,2016-01-01,2016-12-31
22241258,RS_246,COUNTRY,LBN,YEAR,2016,ROADUSERTYPE,RS-DDC-PEDESTRIANS,,,,,,,37.0,37,,,,2020-04-23T15:31:37Z,2016,2016-01-01,2016-12-31
22241259,RS_246,COUNTRY,LBY,YEAR,2016,ROADUSERTYPE,RS-DDC-PEDESTRIANS,,,,,,,20.8,20.8,,,,2020-04-23T15:31:37Z,2016,2016-01-01,2016-12-31
22241260,RS_246,COUNTRY,LTU,YEAR,2016,ROADUSERTYPE,RS-DDC-PEDESTRIANS,,,,,,,38.0,38,,,,2020-04-23T15:31:37Z,2016,2016-01-01,2016-12-31
22241261,RS_246,COUNTRY,LUX,YEAR,2016,ROADUSERTYPE,RS-DDC-PEDESTRIANS,,,,,,,25.0,25,,,,2020-04-23T15:31:37Z,2016,2016-01-01,2016-12-31
22241262,RS_246,COUNTRY,MDG,YEAR,2016,ROADUSERTYPE,RS-DDC-PEDESTRIANS,,,,,,,47.1,47.1,,,,2020-04-23T15:31:37Z,2016,2016-01-01,2016-12-31
22241263,RS_246,COUNTRY,MWI,YEAR,2016,ROADUSERTYPE,RS-DDC-PEDESTRIANS,,,,,,,49.6,49.6,,,,2020-04-23T15:31:37Z,2016,2016-01-01,2016-12-31
22241264,RS_246,COUNTRY,MDV,YEAR,2016,ROADUSERTYPE,RS-DDC-PEDESTRIANS,,,,,,,25.0,25,,,,2020-04-23T15:31:37Z,2016,2016-01-01,2016-12-31
22241265,RS_246,COUNTRY,MLI,YEAR,2016,ROADUSERTYPE,RS-DDC-PEDESTRIANS,,,,,,,11.5,11.5,,,,2020-04-23T15:31:37Z,2016,2016-01-01,2016-12-31
22241266,RS_246,COUNTRY,MLT,YEAR,2016,ROADUSERTYPE,RS-DDC-PEDESTRIANS,,,,,,,27.3,27.3,,,,2020-04-23T15:31:37Z,2016,2016-01-01,2016-12-31
22241267,RS_246,COUNTRY,MUS,YEAR,2016,ROADUSERTYPE,RS-DDC-PEDESTRIANS,,,,,,,30.6,30.6,,,,2020-04-23T15:31:37Z,2016,2016-01-01,2016-12-31
22241268,RS_246,COUNTRY,MEX,YEAR,2016,ROADUSERTYPE,RS-DDC-PEDESTRIANS,,,,,,,28.5,28.5,,,,2020-04-23T15:31:37Z,2016,2016-01-01,2016-12-31
22241269,RS_246,COUNTRY,FSM,YEAR,2016,ROADUSERTYPE,RS-DDC-PEDESTRIANS,,,,,,,50.0,50,,,,2020-04-23T15:31:37Z,2016,2016-01-01,2016-12-31
22241270,RS_246,COUNTRY,MNG,YEAR,2016,ROADUSERTYPE,RS-DDC-PEDESTRIANS,,,,,,,28.7,28.7,,,,2020-04-23T15:31:37Z,2016,2016-01-01,2016-12-31
22241271,RS_246,COUNTRY,MNE,YEAR,2016,ROADUSERTYPE,RS-DDC-PEDESTRIANS,,,,,,,13.8,13.8,,,,2020-04-23T15:31:37Z,2016,2016-01-01,2016-12-31
22241272,RS_246,COUNTRY,MAR,YEAR,2016,ROADUSERTYPE,RS-DDC-PEDESTRIANS,,,,,,,26.3,26.3,,,,2020-04-23T15:31:37Z,2016,2016-01-01,2016-12-31
22241273,RS_246,COUNTRY,MMR,YEAR,2016,ROADUSERTYPE,RS-DDC-PEDESTRIANS,,,,,,,14.2,14.2,,,,2020-04-23T15:31:37Z,2016,2016-01-01,2016-12-31
22241274,RS_246,COUNTRY,NLD,YEAR,2016,ROADUSERTYPE,RS-DDC-PEDESTRIANS,,,,,,,9.2,9.2,,,,2020-04-23T15:31:37Z,2016,2016-01-01,2016-12-31
22241275,RS_246,COUNTRY,NZL,YEAR,2016,ROADUSERTYPE,RS-DDC-PEDESTRIANS,,,,,,,7.6,7.6,,,,2020-04-23T15:31:37Z,2016,2016-01-01,2016-12-31
22241276,RS_246,COUNTRY,NIC,YEAR,2013,ROADUSERTYPE,RS-DDC-PEDESTRIANS,,,,,,,32.8,32.8,,,,2020-04-23T15:31:37Z,2013,2013-01-01,2013-12-31
22241277,RS_246,COUNTRY,NOR,YEAR,2016,ROADUSERTYPE,RS-DDC-PEDESTRIANS,,,,,,,11.9,11.9,,,,2020-04-23T15:31:37Z,2016,2016-01-01,2016-12-31
22241278,RS_246,COUNTRY,OMN,YEAR,2016,ROADUSERTYPE,RS-DDC-PEDESTRIANS,,,,,,,22.5,22.5,,,,2020-04-23T15:31:37Z,2016,2016-01-01,2016-12-31
22241279,RS_246,COUNTRY,PLW,YEAR,2013,ROADUSERTYPE,RS-DDC-PEDESTRIANS,,,,,,,100.0,100,,,,2020-04-23T15:31:37Z,2013,2013-01-01,2013-12-31
22241280,RS_246,COUNTRY,PAN,YEAR,2016,ROADUSERTYPE,RS-DDC-PEDESTRIANS,,,,,,,40.0,40,,,,2020-04-23T15:31:37Z,2016,2016-01-01,2016-12-31
22241281,RS_246,COUNTRY,PNG,YEAR,2016,ROADUSERTYPE,RS-DDC-PEDESTRIANS,,,,,,,47.5,47.5,,,,2020-04-23T15:31:37Z,2016,2016-01-01,2016-12-31
22241282,RS_246,COUNTRY,PRY,YEAR,2016,ROADUSERTYPE,RS-DDC-PEDESTRIANS,,,,,,,22.5,22.5,,,,2020-04-23T15:31:37Z,2016,2016-01-01,2016-12-31
22241283,RS_246,COUNTRY,PER,YEAR,2016,ROADUSERTYPE,RS-DDC-PEDESTRIANS,,,,,,,8.1,8.1,,,,2020-04-23T15:31:37Z,2016,2016-01-01,2016-12-31
22241284,RS_246,COUNTRY,PHL,YEAR,2016,ROADUSERTYPE,RS-DDC-PEDESTRIANS,,,,,,,1.0,1,,,,2020-04-23T15:31:37Z,2016,2016-01-01,2016-12-31
22241285,RS_246,COUNTRY,POL,YEAR,2016,ROADUSERTYPE,RS-DDC-PEDESTRIANS,,,,,,,28.7,28.7,,,,2020-04-23T15:31:37Z,2016,2016-01-01,2016-12-31
22241286,RS_246,COUNTRY,PRT,YEAR,2016,ROADUSERTYPE,RS-DDC-PEDESTRIANS,,,,,,,21.8,21.8,,,,2020-04-23T15:31:38Z,2016,2016-01-01,2016-12-31
22241287,RS_246,COUNTRY,QAT,YEAR,2016,ROADUSERTYPE,RS-DDC-PEDESTRIANS,,,,,,,32.0,32,,,,2020-04-23T15:31:38Z,2016,2016-01-01,2016-12-31
22241288,RS_246,COUNTRY,KOR,YEAR,2016,ROADUSERTYPE,RS-DDC-PEDESTRIANS,,,,,,,39.9,39.9,,,,2020-04-23T15:31:38Z,2016,2016-01-01,2016-12-31
22241289,RS_246,COUNTRY,MDA,YEAR,2016,ROADUSERTYPE,RS-DDC-PEDESTRIANS,,,,,,,18.5,18.5,,,,2020-04-23T15:31:38Z,2016,2016-01-01,2016-12-31
22241290,RS_246,COUNTRY,ROU,YEAR,2016,ROADUSERTYPE,RS-DDC-PEDESTRIANS,,,,,,,37.2,37.2,,,,2020-04-23T15:31:38Z,2016,2016-01-01,2016-12-31
22241291,RS_246,COUNTRY,RUS,YEAR,2016,ROADUSERTYPE,RS-DDC-PEDESTRIANS,,,,,,,29.2,29.2,,,,2020-04-23T15:31:38Z,2016,2016-01-01,2016-12-31
22241292,RS_246,COUNTRY,LCA,YEAR,2016,ROADUSERTYPE,RS-DDC-PEDESTRIANS,,,,,,,13.3,13.3,,,,2020-04-23T15:31:38Z,2016,2016-01-01,2016-12-31
22241293,RS_246,COUNTRY,VCT,YEAR,2013,ROADUSERTYPE,RS-DDC-PEDESTRIANS,,,,,,,47.1,47.1,,,,2020-04-23T15:31:38Z,2013,2013-01-01,2013-12-31
22241294,RS_246,COUNTRY,SEN,YEAR,2016,ROADUSERTYPE,RS-DDC-PEDESTRIANS,,,,,,,23.1,23.1,,,,2020-04-23T15:31:38Z,2016,2016-01-01,2016-12-31
22241295,RS_246,COUNTRY,SRB,YEAR,2016,ROADUSERTYPE,RS-DDC-PEDESTRIANS,,,,,,,20.0,20,,,,2020-04-23T15:31:38Z,2016,2016-01-01,2016-12-31
22241296,RS_246,COUNTRY,SYC,YEAR,2016,ROADUSERTYPE,RS-DDC-PEDESTRIANS,,,,,,,33.3,33.3,,,,2020-04-23T15:31:38Z,2016,2016-01-01,2016-12-31
22241297,RS_246,COUNTRY,SGP,YEAR,2016,ROADUSERTYPE,RS-DDC-PEDESTRIANS,,,,,,,29.1,29.1,,,,2020-04-23T15:31:38Z,2016,2016-01-01,2016-12-31
22241298,RS_246,COUNTRY,SVK,YEAR,2016,ROADUSERTYPE,RS-DDC-PEDESTRIANS,,,,,,,16.9,16.9,,,,2020-04-23T15:31:38Z,2016,2016-01-01,2016-12-31
22241299,RS_246,COUNTRY,SOM,YEAR,2016,ROADUSERTYPE,RS-DDC-PEDESTRIANS,,,,,,,38.4,38.4,,,,2020-04-23T15:31:38Z,2016,2016-01-01,2016-12-31
22241300,RS_246,COUNTRY,SSD,YEAR,2016,ROADUSERTYPE,RS-DDC-PEDESTRIANS,,,,,,,21.5,21.5,,,,2020-04-23T15:31:38Z,2016,2016-01-01,2016-12-31
22241301,RS_246,COUNTRY,ESP,YEAR,2016,ROADUSERTYPE,RS-DDC-PEDESTRIANS,,,,,,,29.2,29.2,,,,2020-04-23T15:31:38Z,2016,2016-01-01,2016-12-31
22241302,RS_246,COUNTRY,LKA,YEAR,2016,ROADUSERTYPE,RS-DDC-PEDESTRIANS,,,,,,,28.6,28.6,,,,2020-04-23T15:31:38Z,2016,2016-01-01,2016-12-31
22241303,RS_246,COUNTRY,SDN,YEAR,2016,ROADUSERTYPE,RS-DDC-PEDESTRIANS,,,,,,,14.9,14.9,,,,2020-04-23T15:31:38Z,2016,2016-01-01,2016-12-31
22241304,RS_246,COUNTRY,SUR,YEAR,2016,ROADUSERTYPE,RS-DDC-PEDESTRIANS,,,,,,,15.6,15.6,,,,2020-04-23T15:31:38Z,2016,2016-01-01,2016-12-31
22241305,RS_246,COUNTRY,SWZ,YEAR,2013,ROADUSERTYPE,RS-DDC-PEDESTRIANS,,,,,,,33.5,33.5,,,,2020-04-23T15:31:38Z,2013,2013-01-01,2013-12-31
22241306,RS_246,COUNTRY,CHE,YEAR,2016,ROADUSERTYPE,RS-DDC-PEDESTRIANS,,,,,,,23.1,23.1,,,,2020-04-23T15:31:38Z,2016,2016-01-01,2016-12-31
22241307,RS_246,COUNTRY,SYR,YEAR,2016,ROADUSERTYPE,RS-DDC-PEDESTRIANS,,,,,,,64.7,64.7,,,,2020-04-23T15:31:38Z,2016,2016-01-01,2016-12-31
22241308,RS_246,COUNTRY,TJK,YEAR,2016,ROADUSERTYPE,RS-DDC-PEDESTRIANS,,,,,,,40.3,40.3,,,,2020-04-23T15:31:38Z,2016,2016-01-01,2016-12-31
22241309,RS_246,COUNTRY,THA,YEAR,2016,ROADUSERTYPE,RS-DDC-PEDESTRIANS,,,,,,,7.6,7.6,,,,2020-04-23T15:31:38Z,2016,2016-01-01,2016-12-31
22241310,RS_246,COUNTRY,MKD,YEAR,2016,ROADUSERTYPE,RS-DDC-PEDESTRIANS,,,,,,,33.1,33.1,,,,2020-04-23T15:31:38Z,2016,2016-01-01,2016-12-31
22241311,RS_246,COUNTRY,TON,YEAR,2016,ROADUSERTYPE,RS-DDC-PEDESTRIANS,,,,,,,27.8,27.8,,,,2020-04-23T15:31:38Z,2016,2016-01-01,2016-12-31
22241312,RS_246,COUNTRY,TTO,YEAR,2016,ROADUSERTYPE,RS-DDC-PEDESTRIANS,,,,,,,31.1,31.1,,,,2020-04-23T15:31:38Z,2016,2016-01-01,2016-12-31
22241313,RS_246,COUNTRY,TUN,YEAR,2016,ROADUSERTYPE,RS-DDC-PEDESTRIANS,,,,,,,24.6,24.6,,,,2020-04-23T15:31:38Z,2016,2016-01-01,2016-12-31
22241314,RS_246,COUNTRY,TUR,YEAR,2016,ROADUSERTYPE,RS-DDC-PEDESTRIANS,,,,,,,23.4,23.4,,,,2020-04-23T15:31:38Z,2016,2016-01-01,2016-12-31
22241315,RS_246,COUNTRY,UGA,YEAR,2016,ROADUSERTYPE,RS-DDC-PEDESTRIANS,,,,,,,39.5,39.5,,,,2020-04-23T15:31:38Z,2016,2016-01-01,2016-12-31
22241316,RS_246,COUNTRY,UKR,YEAR,2016,ROADUSERTYPE,RS-DDC-PEDESTRIANS,,,,,,,41.9,41.9,,,,2020-04-23T15:31:38Z,2016,2016-01-01,2016-12-31
22241317,RS_246,COUNTRY,ARE,YEAR,2016,ROADUSERTYPE,RS-DDC-PEDESTRIANS,,,,,,,24.3,24.3,,,,2020-04-23T15:31:38Z,2016,2016-01-01,2016-12-31
22241318,RS_246,COUNTRY,GBR,YEAR,2016,ROADUSERTYPE,RS-DDC-PEDESTRIANS,,,,,,,23.7,23.7,,,,2020-04-23T15:31:38Z,2016,2016-01-01,2016-12-31
22241319,RS_246,COUNTRY,TZA,YEAR,2016,ROADUSERTYPE,RS-DDC-PEDESTRIANS,,,,,,,29.9,29.9,,,,2020-04-23T15:31:39Z,2016,2016-01-01,2016-12-31
22241320,RS_246,COUNTRY,USA,YEAR,2016,ROADUSERTYPE,RS-DDC-PEDESTRIANS,,,,,,,15.3,15.3,,,,2020-04-23T15:31:39Z,2016,2016-01-01,2016-12-31
22241321,RS_246,COUNTRY,URY,YEAR,2016,ROADUSERTYPE,RS-DDC-PEDESTRIANS,,,,,,,16.6,16.6,,,,2020-04-23T15:31:39Z,2016,2016-01-01,2016-12-31
22241322,RS_246,COUNTRY,PSE,YEAR,2016,ROADUSERTYPE,RS-DDC-PEDESTRIANS,,,,,,,32.7,32.7,,,,2020-04-23T15:31:39Z,2016,2016-01-01,2016-12-31
22241323,RS_246,COUNTRY,ZMB,YEAR,2013,ROADUSERTYPE,RS-DDC-PEDESTRIANS,,,,,,,36.4,36.4,,,,2020-04-23T15:31:39Z,2013,2013-01-01,2013-12-31
22241324,RS_246,COUNTRY,ZWE,YEAR,2016,ROADUSERTYPE,RS-DDC-PEDESTRIANS,,,,,,,13.7,13.7,,,,2020-04-23T15:31:39Z,2016,2016-01-01,2016-12-31
